,red,date,class,id,class_name
9,0.033,2022-04-05,0,346,Картофель
10,0.08600000000000001,2022-05-10,0,346,Картофель
11,0.192,2022-06-14,0,346,Картофель
12,0.092,2022-08-03,0,346,Картофель
13,0.084,2022-09-02,0,346,Картофель
61,0.032,2022-04-05,0,349,Картофель
62,0.145,2022-05-10,0,349,Картофель
63,0.154,2022-06-14,0,349,Картофель
64,0.113,2022-08-03,0,349,Картофель
65,0.081,2022-09-02,0,349,Картофель
108,0.032,2022-04-05,0,347,Картофель
109,0.13,2022-05-10,0,347,Картофель
110,0.223,2022-06-14,0,347,Картофель
111,0.132,2022-08-03,0,347,Картофель
112,0.113,2022-09-02,0,347,Картофель
163,0.033,2022-04-05,0,348,Картофель
164,0.14,2022-05-10,0,348,Картофель
165,0.213,2022-06-14,0,348,Картофель
166,0.152,2022-08-03,0,348,Картофель
167,0.107,2022-09-02,0,348,Картофель
218,0.153,2022-04-05,0,343,Картофель
219,0.124,2022-05-10,0,343,Картофель
220,0.316,2022-06-14,0,343,Картофель
221,0.4,2022-08-03,0,343,Картофель
222,0.376,2022-09-02,0,343,Картофель
273,0.026000000000000002,2022-04-05,1,342,Соя
274,0.047,2022-05-10,1,342,Соя
275,0.091,2022-06-14,1,342,Соя
276,0.153,2022-08-03,1,342,Соя
277,0.153,2022-09-02,1,342,Соя
328,0.063,2022-04-05,3,303,Кукуруза
329,0.112,2022-05-10,3,303,Кукуруза
330,0.41300000000000003,2022-06-14,3,303,Кукуруза
331,0.535,2022-08-03,3,303,Кукуруза
332,0.343,2022-09-02,3,303,Кукуруза
383,0.007,2022-04-05,3,285,Кукуруза
384,0.013000000000000001,2022-05-10,3,285,Кукуруза
385,0.024,2022-06-14,3,285,Кукуруза
386,0.035,2022-08-03,3,285,Кукуруза
387,0.025,2022-09-02,3,285,Кукуруза
438,0.004,2022-04-05,4,287,Пшеница
439,0.019,2022-05-10,4,287,Пшеница
440,0.02,2022-06-14,4,287,Пшеница
441,0.009000000000000001,2022-08-03,4,287,Пшеница
442,0.011,2022-09-02,4,287,Пшеница
493,0.074,2022-04-05,5,284,Свекла
494,0.14100000000000001,2022-05-10,5,284,Свекла
495,0.372,2022-06-14,5,284,Свекла
496,0.465,2022-08-03,5,284,Свекла
497,0.419,2022-09-02,5,284,Свекла
545,0.006,2022-04-05,4,286,Пшеница
546,0.023,2022-05-10,4,286,Пшеница
547,0.021,2022-06-14,4,286,Пшеница
548,0.01,2022-08-03,4,286,Пшеница
549,0.012,2022-09-02,4,286,Пшеница
592,0.026000000000000002,2022-04-05,3,288,Кукуруза
593,0.066,2022-05-10,3,288,Кукуруза
594,0.1,2022-06-14,3,288,Кукуруза
595,0.162,2022-08-03,3,288,Кукуруза
596,0.106,2022-09-02,3,288,Кукуруза
647,0.069,2022-04-05,5,289,Свекла
648,0.17300000000000001,2022-05-10,5,289,Свекла
649,0.229,2022-06-14,5,289,Свекла
650,0.40800000000000003,2022-08-03,5,289,Свекла
651,0.37,2022-09-02,5,289,Свекла
702,0.031,2022-04-05,3,290,Кукуруза
703,0.055,2022-05-10,3,290,Кукуруза
704,0.14300000000000002,2022-06-14,3,290,Кукуруза
705,0.17300000000000001,2022-08-03,3,290,Кукуруза
706,0.097,2022-09-02,3,290,Кукуруза
757,0.011,2022-04-05,3,291,Кукуруза
758,0.022,2022-05-10,3,291,Кукуруза
759,0.037,2022-06-14,3,291,Кукуруза
760,0.058,2022-08-03,3,291,Кукуруза
761,0.029,2022-09-02,3,291,Кукуруза
812,0.039,2022-04-05,2,300,Ячмень
813,0.132,2022-05-10,2,300,Ячмень
814,0.147,2022-06-14,2,300,Ячмень
815,0.061,2022-08-03,2,300,Ячмень
816,0.069,2022-09-02,2,300,Ячмень
867,0.019,2022-04-05,2,294,Ячмень
868,0.054,2022-05-10,2,294,Ячмень
869,0.064,2022-06-14,2,294,Ячмень
870,0.037,2022-08-03,2,294,Ячмень
871,0.034,2022-09-02,2,294,Ячмень
922,0.053,2022-04-05,5,302,Свекла
923,0.098,2022-05-10,5,302,Свекла
924,0.386,2022-06-14,5,302,Свекла
925,0.42,2022-08-03,5,302,Свекла
926,0.405,2022-09-02,5,302,Свекла
977,0.051000000000000004,2022-04-05,1,305,Соя
978,0.136,2022-05-10,1,305,Соя
979,0.332,2022-06-14,1,305,Соя
980,0.441,2022-08-03,1,305,Соя
981,0.41300000000000003,2022-09-02,1,305,Соя
1032,0.08700000000000001,2022-04-05,4,304,Пшеница
1033,0.48,2022-05-10,4,304,Пшеница
1034,0.498,2022-06-14,4,304,Пшеница
1035,0.11900000000000001,2022-08-03,4,304,Пшеница
1036,0.114,2022-09-02,4,304,Пшеница
1087,0.04,2022-04-05,3,292,Кукуруза
1088,0.077,2022-05-10,3,292,Кукуруза
1089,0.045,2022-06-14,3,292,Кукуруза
1090,0.068,2022-08-03,3,292,Кукуруза
1091,0.079,2022-09-02,3,292,Кукуруза
1142,0.032,2022-04-05,3,293,Кукуруза
1143,0.084,2022-05-10,3,293,Кукуруза
1144,0.134,2022-06-14,3,293,Кукуруза
1145,0.19,2022-08-03,3,293,Кукуруза
1146,0.14100000000000001,2022-09-02,3,293,Кукуруза
1197,0.01,2022-04-05,5,295,Свекла
1198,0.034,2022-05-10,5,295,Свекла
1199,0.046,2022-06-14,5,295,Свекла
1200,0.021,2022-08-03,5,295,Свекла
1201,0.017,2022-09-02,5,295,Свекла
1252,0.058,2022-04-05,2,299,Ячмень
1253,0.197,2022-05-10,2,299,Ячмень
1254,0.379,2022-06-14,2,299,Ячмень
1255,0.081,2022-08-03,2,299,Ячмень
1256,0.09,2022-09-02,2,299,Ячмень
1307,0.012,2022-04-05,5,315,Свекла
1308,0.019,2022-05-10,5,315,Свекла
1309,0.033,2022-06-14,5,315,Свекла
1310,0.07,2022-08-03,5,315,Свекла
1311,0.073,2022-09-02,5,315,Свекла
1362,0.034,2022-04-05,5,312,Свекла
1363,0.073,2022-05-10,5,312,Свекла
1364,0.189,2022-06-14,5,312,Свекла
1365,0.26,2022-08-03,5,312,Свекла
1366,0.212,2022-09-02,5,312,Свекла
1417,0.045,2022-04-05,3,313,Кукуруза
1418,0.077,2022-05-10,3,313,Кукуруза
1419,0.113,2022-06-14,3,313,Кукуруза
1420,0.295,2022-08-03,3,313,Кукуруза
1421,0.192,2022-09-02,3,313,Кукуруза
1472,0.05,2022-04-05,3,314,Кукуруза
1473,0.101,2022-05-10,3,314,Кукуруза
1474,0.362,2022-06-14,3,314,Кукуруза
1475,0.365,2022-08-03,3,314,Кукуруза
1476,0.20400000000000001,2022-09-02,3,314,Кукуруза
1527,0.009000000000000001,2022-04-05,5,319,Свекла
1528,0.018000000000000002,2022-05-10,5,319,Свекла
1529,0.039,2022-06-14,5,319,Свекла
1530,0.054,2022-08-03,5,319,Свекла
1531,0.047,2022-09-02,5,319,Свекла
1582,0.005,2022-04-05,3,318,Кукуруза
1583,0.012,2022-05-10,3,318,Кукуруза
1584,0.03,2022-06-14,3,318,Кукуруза
1585,0.035,2022-08-03,3,318,Кукуруза
1586,0.028,2022-09-02,3,318,Кукуруза
1637,0.023,2022-04-05,3,317,Кукуруза
1638,0.044,2022-05-10,3,317,Кукуруза
1639,0.055,2022-06-14,3,317,Кукуруза
1640,0.046,2022-08-03,3,317,Кукуруза
1641,0.056,2022-09-02,3,317,Кукуруза
1692,0.036000000000000004,2022-04-05,3,316,Кукуруза
1693,0.065,2022-05-10,3,316,Кукуруза
1694,0.217,2022-06-14,3,316,Кукуруза
1695,0.251,2022-08-03,3,316,Кукуруза
1696,0.135,2022-09-02,3,316,Кукуруза
1747,0.003,2022-04-05,5,329,Свекла
1748,0.007,2022-05-10,5,329,Свекла
1749,0.011,2022-06-14,5,329,Свекла
1750,0.017,2022-08-03,5,329,Свекла
1751,0.016,2022-09-02,5,329,Свекла
1802,0.044,2022-04-05,5,327,Свекла
1803,0.076,2022-05-10,5,327,Свекла
1804,0.164,2022-06-14,5,327,Свекла
1805,0.28700000000000003,2022-08-03,5,327,Свекла
1806,0.275,2022-09-02,5,327,Свекла
1857,0.033,2022-04-05,5,336,Свекла
1858,0.062,2022-05-10,5,336,Свекла
1859,0.151,2022-06-14,5,336,Свекла
1860,0.185,2022-08-03,5,336,Свекла
1861,0.176,2022-09-02,5,336,Свекла
1912,0.145,2022-04-05,5,341,Свекла
1913,0.36,2022-05-10,5,341,Свекла
1914,0.299,2022-06-14,5,341,Свекла
1915,0.306,2022-08-03,5,341,Свекла
1916,0.218,2022-09-02,5,341,Свекла
1967,0.056,2022-04-05,2,334,Ячмень
1968,0.372,2022-05-10,2,334,Ячмень
1969,0.427,2022-06-14,2,334,Ячмень
1970,0.105,2022-08-03,2,334,Ячмень
1971,0.117,2022-09-02,2,334,Ячмень
2022,0.07100000000000001,2022-04-05,3,326,Кукуруза
2023,0.115,2022-05-10,3,326,Кукуруза
2024,0.253,2022-06-14,3,326,Кукуруза
2025,0.487,2022-08-03,3,326,Кукуруза
2026,0.404,2022-09-02,3,326,Кукуруза
2077,0.066,2022-04-05,4,325,Пшеница
2078,0.28300000000000003,2022-05-10,4,325,Пшеница
2079,0.122,2022-06-14,4,325,Пшеница
2080,0.054,2022-08-03,4,325,Пшеница
2081,0.051000000000000004,2022-09-02,4,325,Пшеница
2132,0.016,2022-04-05,4,323,Пшеница
2133,0.085,2022-05-10,4,323,Пшеница
2134,0.076,2022-06-14,4,323,Пшеница
2135,0.021,2022-08-03,4,323,Пшеница
2136,0.021,2022-09-02,4,323,Пшеница
2187,0.046,2022-04-05,2,324,Ячмень
2188,0.211,2022-05-10,2,324,Ячмень
2189,0.106,2022-06-14,2,324,Ячмень
2190,0.035,2022-08-03,2,324,Ячмень
2191,0.036000000000000004,2022-09-02,2,324,Ячмень
2242,0.045,2022-04-05,2,322,Ячмень
2243,0.17500000000000002,2022-05-10,2,322,Ячмень
2244,0.083,2022-06-14,2,322,Ячмень
2245,0.036000000000000004,2022-08-03,2,322,Ячмень
2246,0.035,2022-09-02,2,322,Ячмень
2297,0.057,2022-04-05,2,320,Ячмень
2298,0.199,2022-05-10,2,320,Ячмень
2299,0.307,2022-06-14,2,320,Ячмень
2300,0.07,2022-08-03,2,320,Ячмень
2301,0.068,2022-09-02,2,320,Ячмень
2352,0.043000000000000003,2022-04-05,4,321,Пшеница
2353,0.146,2022-05-10,4,321,Пшеница
2354,0.088,2022-06-14,4,321,Пшеница
2355,0.035,2022-08-03,4,321,Пшеница
2356,0.033,2022-09-02,4,321,Пшеница
2407,0.02,2022-04-05,4,328,Пшеница
2408,0.07200000000000001,2022-05-10,4,328,Пшеница
2409,0.024,2022-06-14,4,328,Пшеница
2410,0.014,2022-08-03,4,328,Пшеница
2411,0.013000000000000001,2022-09-02,4,328,Пшеница
2462,0.008,2022-04-05,2,330,Ячмень
2463,0.043000000000000003,2022-05-10,2,330,Ячмень
2464,0.031,2022-06-14,2,330,Ячмень
2465,0.008,2022-08-03,2,330,Ячмень
2466,0.007,2022-09-02,2,330,Ячмень
2517,0.005,2022-04-05,2,331,Ячмень
2518,0.023,2022-05-10,2,331,Ячмень
2519,0.029,2022-06-14,2,331,Ячмень
2520,0.006,2022-08-03,2,331,Ячмень
2521,0.006,2022-09-02,2,331,Ячмень
2572,0.016,2022-04-05,2,332,Ячмень
2573,0.046,2022-05-10,2,332,Ячмень
2574,0.033,2022-06-14,2,332,Ячмень
2575,0.012,2022-08-03,2,332,Ячмень
2576,0.01,2022-09-02,2,332,Ячмень
2627,0.009000000000000001,2022-04-05,4,333,Пшеница
2628,0.035,2022-05-10,4,333,Пшеница
2629,0.019,2022-06-14,4,333,Пшеница
2630,0.008,2022-08-03,4,333,Пшеница
2631,0.007,2022-09-02,4,333,Пшеница
2682,0.064,2022-04-05,3,340,Кукуруза
2683,0.097,2022-05-10,3,340,Кукуруза
2684,0.251,2022-06-14,3,340,Кукуруза
2685,0.4,2022-08-03,3,340,Кукуруза
2686,0.219,2022-09-02,3,340,Кукуруза
2737,0.053,2022-04-05,4,339,Пшеница
2738,0.20400000000000001,2022-05-10,4,339,Пшеница
2739,0.327,2022-06-14,4,339,Пшеница
2740,0.109,2022-08-03,4,339,Пшеница
2741,0.094,2022-09-02,4,339,Пшеница
2792,0.06,2022-04-05,6,338,Люцерна
2793,0.128,2022-05-10,6,338,Люцерна
2794,0.105,2022-06-14,6,338,Люцерна
2795,0.093,2022-08-03,6,338,Люцерна
2796,0.07200000000000001,2022-09-02,6,338,Люцерна
2847,0.046,2022-04-05,4,337,Пшеница
2848,0.268,2022-05-10,4,337,Пшеница
2849,0.372,2022-06-14,4,337,Пшеница
2850,0.097,2022-08-03,4,337,Пшеница
2851,0.097,2022-09-02,4,337,Пшеница
2902,0.061,2022-04-05,5,335,Свекла
2903,0.113,2022-05-10,5,335,Свекла
2904,0.329,2022-06-14,5,335,Свекла
2905,0.49,2022-08-03,5,335,Свекла
2906,0.434,2022-09-02,5,335,Свекла
2957,0.132,2022-04-05,5,311,Свекла
2958,0.352,2022-05-10,5,311,Свекла
2959,0.217,2022-06-14,5,311,Свекла
2960,0.307,2022-08-03,5,311,Свекла
2961,0.2,2022-09-02,5,311,Свекла
3012,0.024,2022-04-05,3,310,Кукуруза
3013,0.047,2022-05-10,3,310,Кукуруза
3014,0.106,2022-06-14,3,310,Кукуруза
3015,0.152,2022-08-03,3,310,Кукуруза
3016,0.11800000000000001,2022-09-02,3,310,Кукуруза
3067,0.043000000000000003,2022-04-05,4,307,Пшеница
3068,0.276,2022-05-10,4,307,Пшеница
3069,0.304,2022-06-14,4,307,Пшеница
3070,0.089,2022-08-03,4,307,Пшеница
3071,0.049,2022-09-02,4,307,Пшеница
3122,0.013000000000000001,2022-04-05,4,298,Пшеница
3123,0.057,2022-05-10,4,298,Пшеница
3124,0.073,2022-06-14,4,298,Пшеница
3125,0.024,2022-08-03,4,298,Пшеница
3126,0.021,2022-09-02,4,298,Пшеница
3177,0.007,2022-04-05,4,297,Пшеница
3178,0.027,2022-05-10,4,297,Пшеница
3179,0.051000000000000004,2022-06-14,4,297,Пшеница
3180,0.03,2022-08-03,4,297,Пшеница
3181,0.044,2022-09-02,4,297,Пшеница
3232,0.021,2022-04-05,4,296,Пшеница
3233,0.056,2022-05-10,4,296,Пшеница
3234,0.136,2022-06-14,4,296,Пшеница
3235,0.04,2022-08-03,4,296,Пшеница
3236,0.039,2022-09-02,4,296,Пшеница
3287,0.028,2022-04-05,2,306,Ячмень
3288,0.166,2022-05-10,2,306,Ячмень
3289,0.224,2022-06-14,2,306,Ячмень
3290,0.047,2022-08-03,2,306,Ячмень
3291,0.048,2022-09-02,2,306,Ячмень
3342,0.05,2022-04-05,2,308,Ячмень
3343,0.28600000000000003,2022-05-10,2,308,Ячмень
3344,0.361,2022-06-14,2,308,Ячмень
3345,0.101,2022-08-03,2,308,Ячмень
3346,0.107,2022-09-02,2,308,Ячмень
3397,0.01,2022-04-05,5,309,Свекла
3398,0.019,2022-05-10,5,309,Свекла
3399,0.065,2022-06-14,5,309,Свекла
3400,0.066,2022-08-03,5,309,Свекла
3401,0.059000000000000004,2022-09-02,5,309,Свекла
3452,0.017,2022-04-05,4,301,Пшеница
3453,0.081,2022-05-10,4,301,Пшеница
3454,0.122,2022-06-14,4,301,Пшеница
3455,0.038,2022-08-03,4,301,Пшеница
3456,0.038,2022-09-02,4,301,Пшеница
3507,0.012,2022-04-05,0,345,Картофель
3508,0.065,2022-05-10,0,345,Картофель
3509,0.10200000000000001,2022-06-14,0,345,Картофель
3510,0.044,2022-08-03,0,345,Картофель
3511,0.031,2022-09-02,0,345,Картофель
3562,0.016,2022-04-05,0,344,Картофель
3563,0.033,2022-05-10,0,344,Картофель
3564,0.101,2022-06-14,0,344,Картофель
3565,0.044,2022-08-03,0,344,Картофель
3566,0.031,2022-09-02,0,344,Картофель
3620,0.08600000000000001,2022-04-03,6,190,Люцерна
3621,0.512,2022-05-08,6,190,Люцерна
3622,0.577,2022-06-07,6,190,Люцерна
3623,0.405,2022-07-02,6,190,Люцерна
3624,0.227,2022-08-01,6,190,Люцерна
3625,0.115,2022-10-05,6,190,Люцерна
3692,0.10200000000000001,2022-04-03,4,195,Пшеница
3693,0.315,2022-05-08,4,195,Пшеница
3694,0.371,2022-06-07,4,195,Пшеница
3695,0.189,2022-07-02,4,195,Пшеница
3696,0.111,2022-08-01,4,195,Пшеница
3697,0.055,2022-10-05,4,195,Пшеница
3764,0.07,2022-04-03,2,192,Ячмень
3765,0.281,2022-05-08,2,192,Ячмень
3766,0.54,2022-06-07,2,192,Ячмень
3767,0.332,2022-07-02,2,192,Ячмень
3768,0.123,2022-08-01,2,192,Ячмень
3769,0.11,2022-10-05,2,192,Ячмень
3835,0.084,2022-04-03,4,194,Пшеница
3836,0.368,2022-05-08,4,194,Пшеница
3837,0.481,2022-06-07,4,194,Пшеница
3838,0.246,2022-07-02,4,194,Пшеница
3839,0.116,2022-08-01,4,194,Пшеница
3840,0.052000000000000005,2022-10-05,4,194,Пшеница
3903,0.085,2022-04-03,4,191,Пшеница
3904,0.233,2022-05-08,4,191,Пшеница
3905,0.263,2022-06-07,4,191,Пшеница
3906,0.129,2022-07-02,4,191,Пшеница
3907,0.094,2022-08-01,4,191,Пшеница
3908,0.044,2022-10-05,4,191,Пшеница
3971,0.07100000000000001,2022-04-03,6,193,Люцерна
3972,0.269,2022-05-08,6,193,Люцерна
3973,0.179,2022-06-07,6,193,Люцерна
3974,0.297,2022-07-02,6,193,Люцерна
3975,0.213,2022-08-01,6,193,Люцерна
3976,0.106,2022-10-05,6,193,Люцерна
4039,0.10200000000000001,2022-04-03,6,196,Люцерна
4040,0.384,2022-05-08,6,196,Люцерна
4041,0.304,2022-06-07,6,196,Люцерна
4042,0.42,2022-07-02,6,196,Люцерна
4043,0.298,2022-08-01,6,196,Люцерна
4044,0.16,2022-10-05,6,196,Люцерна
4107,0.064,2022-04-03,4,198,Пшеница
4108,0.275,2022-05-08,4,198,Пшеница
4109,0.373,2022-06-07,4,198,Пшеница
4110,0.212,2022-07-02,4,198,Пшеница
4111,0.113,2022-08-01,4,198,Пшеница
4112,0.14400000000000002,2022-10-05,4,198,Пшеница
4175,0.02,2022-04-03,4,202,Пшеница
4176,0.04,2022-05-08,4,202,Пшеница
4177,0.151,2022-06-07,4,202,Пшеница
4178,0.133,2022-07-02,4,202,Пшеница
4179,0.042,2022-08-01,4,202,Пшеница
4180,0.029,2022-10-05,4,202,Пшеница
4244,0.037,2022-04-03,2,245,Ячмень
4245,0.177,2022-05-08,2,245,Ячмень
4246,0.251,2022-06-07,2,245,Ячмень
4247,0.10400000000000001,2022-07-02,2,245,Ячмень
4248,0.07,2022-08-01,2,245,Ячмень
4249,0.07200000000000001,2022-10-05,2,245,Ячмень
4316,0.01,2022-04-03,2,246,Ячмень
4317,0.018000000000000002,2022-05-08,2,246,Ячмень
4318,0.069,2022-06-07,2,246,Ячмень
4319,0.09,2022-07-02,2,246,Ячмень
4320,0.085,2022-08-01,2,246,Ячмень
4321,0.054,2022-10-05,2,246,Ячмень
4388,0.026000000000000002,2022-04-03,4,251,Пшеница
4389,0.07200000000000001,2022-05-08,4,251,Пшеница
4390,0.049,2022-06-07,4,251,Пшеница
4391,0.031,2022-07-02,4,251,Пшеница
4392,0.028,2022-08-01,4,251,Пшеница
4393,0.026000000000000002,2022-10-05,4,251,Пшеница
4460,0.02,2022-04-03,5,249,Свекла
4461,0.041,2022-05-08,5,249,Свекла
4462,0.026000000000000002,2022-06-07,5,249,Свекла
4463,0.021,2022-07-02,5,249,Свекла
4464,0.022,2022-08-01,5,249,Свекла
4465,0.018000000000000002,2022-10-05,5,249,Свекла
4532,0.014,2022-04-03,3,252,Кукуруза
4533,0.046,2022-05-08,3,252,Кукуруза
4534,0.024,2022-06-07,3,252,Кукуруза
4535,0.02,2022-07-02,3,252,Кукуруза
4536,0.036000000000000004,2022-08-01,3,252,Кукуруза
4537,0.018000000000000002,2022-10-05,3,252,Кукуруза
4604,0.056,2022-04-03,9,258,Клевер
4605,0.062,2022-05-08,9,258,Клевер
4606,0.201,2022-06-07,9,258,Клевер
4607,0.109,2022-07-02,9,258,Клевер
4608,0.097,2022-08-01,9,258,Клевер
4609,0.095,2022-10-05,9,258,Клевер
4676,0.031,2022-04-03,3,254,Кукуруза
4677,0.058,2022-05-08,3,254,Кукуруза
4678,0.177,2022-06-07,3,254,Кукуруза
4679,0.222,2022-07-02,3,254,Кукуруза
4680,0.187,2022-08-01,3,254,Кукуруза
4681,0.048,2022-10-05,3,254,Кукуруза
4748,0.166,2022-04-03,4,263,Пшеница
4749,0.44,2022-05-08,4,263,Пшеница
4750,0.27,2022-06-07,4,263,Пшеница
4751,0.132,2022-07-02,4,263,Пшеница
4752,0.12,2022-08-01,4,263,Пшеница
4753,0.101,2022-10-05,4,263,Пшеница
4837,0.028,2022-04-05,0,281,Картофель
4838,0.048,2022-05-10,0,281,Картофель
4839,0.126,2022-06-14,0,281,Картофель
4840,0.23500000000000001,2022-08-03,0,281,Картофель
4841,0.049,2022-09-02,0,281,Картофель
4892,0.056,2022-04-05,1,277,Соя
4893,0.191,2022-05-10,1,277,Соя
4894,0.255,2022-06-14,1,277,Соя
4895,0.502,2022-08-03,1,277,Соя
4896,0.47300000000000003,2022-09-02,1,277,Соя
4958,0.041,2022-04-03,12,276,Томат
4959,0.041,2022-04-05,12,276,Томат
4960,0.055,2022-05-08,12,276,Томат
4961,0.10300000000000001,2022-05-10,12,276,Томат
4962,0.124,2022-06-07,12,276,Томат
4963,0.135,2022-06-14,12,276,Томат
4964,0.226,2022-07-02,12,276,Томат
4965,0.314,2022-08-01,12,276,Томат
4966,0.323,2022-08-03,12,276,Томат
4967,0.263,2022-09-02,12,276,Томат
4968,0.124,2022-10-05,12,276,Томат
5070,0.012,2022-04-05,0,279,Картофель
5071,0.052000000000000005,2022-05-10,0,279,Картофель
5072,0.059000000000000004,2022-06-14,0,279,Картофель
5073,0.021,2022-08-03,0,279,Картофель
5074,0.021,2022-09-02,0,279,Картофель
5125,0.015,2022-04-05,0,280,Картофель
5126,0.028,2022-05-10,0,280,Картофель
5127,0.046,2022-06-14,0,280,Картофель
5128,0.054,2022-08-03,0,280,Картофель
5129,0.023,2022-09-02,0,280,Картофель
5180,0.048,2022-04-05,11,278,Лук
5181,0.079,2022-05-10,11,278,Лук
5182,0.094,2022-06-14,11,278,Лук
5183,0.34,2022-08-03,11,278,Лук
5184,0.255,2022-09-02,11,278,Лук
5235,0.058,2022-04-05,2,283,Ячмень
5236,0.264,2022-05-10,2,283,Ячмень
5237,0.28400000000000003,2022-06-14,2,283,Ячмень
5238,0.125,2022-08-03,2,283,Ячмень
5239,0.23900000000000002,2022-09-02,2,283,Ячмень
5290,0.013000000000000001,2022-04-05,2,282,Ячмень
5291,0.042,2022-05-10,2,282,Ячмень
5292,0.054,2022-06-14,2,282,Ячмень
5293,0.035,2022-08-03,2,282,Ячмень
5294,0.038,2022-09-02,2,282,Ячмень
5357,0.014,2022-04-03,11,275,Лук
5358,0.014,2022-04-05,11,275,Лук
5359,0.027,2022-05-08,11,275,Лук
5360,0.029,2022-05-10,11,275,Лук
5361,0.028,2022-06-07,11,275,Лук
5362,0.03,2022-06-14,11,275,Лук
5363,0.029,2022-07-02,11,275,Лук
5364,0.063,2022-08-01,11,275,Лук
5365,0.069,2022-08-03,11,275,Лук
5366,0.08600000000000001,2022-09-02,11,275,Лук
5367,0.018000000000000002,2022-10-05,11,275,Лук
5484,0.085,2022-04-03,2,274,Ячмень
5485,0.09,2022-04-05,2,274,Ячмень
5486,0.34600000000000003,2022-05-08,2,274,Ячмень
5487,0.332,2022-05-10,2,274,Ячмень
5488,0.40800000000000003,2022-06-07,2,274,Ячмень
5489,0.335,2022-06-14,2,274,Ячмень
5490,0.185,2022-07-02,2,274,Ячмень
5491,0.125,2022-08-01,2,274,Ячмень
5492,0.124,2022-08-03,2,274,Ячмень
5493,0.123,2022-09-02,2,274,Ячмень
5494,0.108,2022-10-05,2,274,Ячмень
5611,0.081,2022-04-03,5,273,Свекла
5612,0.067,2022-04-05,5,273,Свекла
5613,0.106,2022-05-08,5,273,Свекла
5614,0.115,2022-05-10,5,273,Свекла
5615,0.271,2022-06-07,5,273,Свекла
5616,0.355,2022-06-14,5,273,Свекла
5617,0.47300000000000003,2022-07-02,5,273,Свекла
5618,0.49,2022-08-01,5,273,Свекла
5619,0.497,2022-08-03,5,273,Свекла
5620,0.394,2022-09-02,5,273,Свекла
5621,0.09,2022-10-05,5,273,Свекла
5729,0.064,2022-04-03,2,272,Ячмень
5730,0.446,2022-05-08,2,272,Ячмень
5731,0.46900000000000003,2022-06-07,2,272,Ячмень
5732,0.299,2022-07-02,2,272,Ячмень
5733,0.138,2022-08-01,2,272,Ячмень
5734,0.151,2022-10-05,2,272,Ячмень
5801,0.074,2022-04-03,2,270,Ячмень
5802,0.352,2022-05-08,2,270,Ячмень
5803,0.28300000000000003,2022-06-07,2,270,Ячмень
5804,0.154,2022-07-02,2,270,Ячмень
5805,0.11900000000000001,2022-08-01,2,270,Ячмень
5806,0.114,2022-10-05,2,270,Ячмень
5873,0.126,2022-04-03,4,271,Пшеница
5874,0.24,2022-05-08,4,271,Пшеница
5875,0.23500000000000001,2022-06-07,4,271,Пшеница
5876,0.167,2022-07-02,4,271,Пшеница
5877,0.117,2022-08-01,4,271,Пшеница
5878,0.097,2022-10-05,4,271,Пшеница
5945,0.044,2022-04-03,5,269,Свекла
5946,0.08600000000000001,2022-05-08,5,269,Свекла
5947,0.14100000000000001,2022-06-07,5,269,Свекла
5948,0.20400000000000001,2022-07-02,5,269,Свекла
5949,0.313,2022-08-01,5,269,Свекла
5950,0.257,2022-10-05,5,269,Свекла
6017,0.042,2022-04-03,3,268,Кукуруза
6018,0.078,2022-05-08,3,268,Кукуруза
6019,0.156,2022-06-07,3,268,Кукуруза
6020,0.171,2022-07-02,3,268,Кукуруза
6021,0.218,2022-08-01,3,268,Кукуруза
6022,0.098,2022-10-05,3,268,Кукуруза
6089,0.056,2022-04-03,5,265,Свекла
6090,0.096,2022-05-08,5,265,Свекла
6091,0.313,2022-06-07,5,265,Свекла
6092,0.394,2022-07-02,5,265,Свекла
6093,0.401,2022-08-01,5,265,Свекла
6094,0.267,2022-10-05,5,265,Свекла
6161,0.20400000000000001,2022-04-03,4,262,Пшеница
6162,0.403,2022-05-08,4,262,Пшеница
6163,0.265,2022-06-07,4,262,Пшеница
6164,0.122,2022-07-02,4,262,Пшеница
6165,0.136,2022-08-01,4,262,Пшеница
6166,0.131,2022-10-05,4,262,Пшеница
6233,0.044,2022-04-03,3,247,Кукуруза
6234,0.094,2022-05-08,3,247,Кукуруза
6235,0.281,2022-06-07,3,247,Кукуруза
6236,0.329,2022-07-02,3,247,Кукуруза
6237,0.217,2022-08-01,3,247,Кукуруза
6238,0.08700000000000001,2022-10-05,3,247,Кукуруза
6305,0.079,2022-04-03,4,257,Пшеница
6306,0.448,2022-05-08,4,257,Пшеница
6307,0.41300000000000003,2022-06-07,4,257,Пшеница
6308,0.183,2022-07-02,4,257,Пшеница
6309,0.133,2022-08-01,4,257,Пшеница
6310,0.11800000000000001,2022-10-05,4,257,Пшеница
6377,0.052000000000000005,2022-04-03,2,259,Ячмень
6378,0.442,2022-05-08,2,259,Ячмень
6379,0.481,2022-06-07,2,259,Ячмень
6380,0.157,2022-07-02,2,259,Ячмень
6381,0.101,2022-08-01,2,259,Ячмень
6382,0.088,2022-10-05,2,259,Ячмень
6449,0.068,2022-04-03,4,260,Пшеница
6450,0.326,2022-05-08,4,260,Пшеница
6451,0.437,2022-06-07,4,260,Пшеница
6452,0.228,2022-07-02,4,260,Пшеница
6453,0.138,2022-08-01,4,260,Пшеница
6454,0.112,2022-10-05,4,260,Пшеница
6521,0.035,2022-04-03,4,253,Пшеница
6522,0.075,2022-05-08,4,253,Пшеница
6523,0.04,2022-06-07,4,253,Пшеница
6524,0.027,2022-07-02,4,253,Пшеница
6525,0.02,2022-08-01,4,253,Пшеница
6526,0.02,2022-10-05,4,253,Пшеница
6593,0.012,2022-04-03,3,250,Кукуруза
6594,0.048,2022-05-08,3,250,Кукуруза
6595,0.041,2022-06-07,3,250,Кукуруза
6596,0.029,2022-07-02,3,250,Кукуруза
6597,0.046,2022-08-01,3,250,Кукуруза
6598,0.027,2022-10-05,3,250,Кукуруза
6665,0.056,2022-04-03,3,255,Кукуруза
6666,0.113,2022-05-08,3,255,Кукуруза
6667,0.354,2022-06-07,3,255,Кукуруза
6668,0.391,2022-07-02,3,255,Кукуруза
6669,0.28800000000000003,2022-08-01,3,255,Кукуруза
6670,0.135,2022-10-05,3,255,Кукуруза
6737,0.056,2022-04-03,3,256,Кукуруза
6738,0.079,2022-05-08,3,256,Кукуруза
6739,0.166,2022-06-07,3,256,Кукуруза
6740,0.262,2022-07-02,3,256,Кукуруза
6741,0.327,2022-08-01,3,256,Кукуруза
6742,0.1,2022-10-05,3,256,Кукуруза
6809,0.039,2022-04-03,5,248,Свекла
6810,0.069,2022-05-08,5,248,Свекла
6811,0.249,2022-06-07,5,248,Свекла
6812,0.28800000000000003,2022-07-02,5,248,Свекла
6813,0.321,2022-08-01,5,248,Свекла
6814,0.13,2022-10-05,5,248,Свекла
6881,0.024,2022-04-03,3,261,Кукуруза
6882,0.042,2022-05-08,3,261,Кукуруза
6883,0.089,2022-06-07,3,261,Кукуруза
6884,0.185,2022-07-02,3,261,Кукуруза
6885,0.185,2022-08-01,3,261,Кукуруза
6886,0.056,2022-10-05,3,261,Кукуруза
6953,0.049,2022-04-03,3,220,Кукуруза
6954,0.07,2022-05-08,3,220,Кукуруза
6955,0.176,2022-06-07,3,220,Кукуруза
6956,0.322,2022-07-02,3,220,Кукуруза
6957,0.306,2022-08-01,3,220,Кукуруза
6958,0.055,2022-10-05,3,220,Кукуруза
7025,0.05,2022-04-03,3,221,Кукуруза
7026,0.063,2022-05-08,3,221,Кукуруза
7027,0.216,2022-06-07,3,221,Кукуруза
7028,0.367,2022-07-02,3,221,Кукуруза
7029,0.342,2022-08-01,3,221,Кукуруза
7030,0.038,2022-10-05,3,221,Кукуруза
7097,0.044,2022-04-03,5,209,Свекла
7098,0.063,2022-05-08,5,209,Свекла
7099,0.23600000000000002,2022-06-07,5,209,Свекла
7100,0.33,2022-07-02,5,209,Свекла
7101,0.28200000000000003,2022-08-01,5,209,Свекла
7102,0.068,2022-10-05,5,209,Свекла
7169,0.065,2022-04-03,3,216,Кукуруза
7170,0.078,2022-05-08,3,216,Кукуруза
7171,0.23700000000000002,2022-06-07,3,216,Кукуруза
7172,0.41300000000000003,2022-07-02,3,216,Кукуруза
7173,0.389,2022-08-01,3,216,Кукуруза
7174,0.052000000000000005,2022-10-05,3,216,Кукуруза
7241,0.032,2022-04-03,5,212,Свекла
7242,0.048,2022-05-08,5,212,Свекла
7243,0.20500000000000002,2022-06-07,5,212,Свекла
7244,0.312,2022-07-02,5,212,Свекла
7245,0.299,2022-08-01,5,212,Свекла
7246,0.23600000000000002,2022-10-05,5,212,Свекла
7313,0.062,2022-04-03,5,214,Свекла
7314,0.124,2022-05-08,5,214,Свекла
7315,0.302,2022-06-07,5,214,Свекла
7316,0.452,2022-07-02,5,214,Свекла
7317,0.428,2022-08-01,5,214,Свекла
7318,0.14400000000000002,2022-10-05,5,214,Свекла
7385,0.045,2022-04-03,4,242,Пшеница
7386,0.246,2022-05-08,4,242,Пшеница
7387,0.295,2022-06-07,4,242,Пшеница
7388,0.168,2022-07-02,4,242,Пшеница
7389,0.13,2022-08-01,4,242,Пшеница
7390,0.093,2022-10-05,4,242,Пшеница
7457,0.055,2022-04-03,5,243,Свекла
7458,0.10200000000000001,2022-05-08,5,243,Свекла
7459,0.465,2022-06-07,5,243,Свекла
7460,0.516,2022-07-02,5,243,Свекла
7461,0.506,2022-08-01,5,243,Свекла
7462,0.305,2022-10-05,5,243,Свекла
7529,0.043000000000000003,2022-04-03,2,244,Ячмень
7530,0.338,2022-05-08,2,244,Ячмень
7531,0.29,2022-06-07,2,244,Ячмень
7532,0.12,2022-07-02,2,244,Ячмень
7533,0.041,2022-08-01,2,244,Ячмень
7534,0.031,2022-10-05,2,244,Ячмень
7601,0.012,2022-04-03,4,232,Пшеница
7602,0.018000000000000002,2022-05-08,4,232,Пшеница
7603,0.03,2022-06-07,4,232,Пшеница
7604,0.015,2022-07-02,4,232,Пшеница
7605,0.01,2022-08-01,4,232,Пшеница
7606,0.008,2022-10-05,4,232,Пшеница
7673,0.048,2022-04-03,6,226,Люцерна
7674,0.153,2022-05-08,6,226,Люцерна
7675,0.145,2022-06-07,6,226,Люцерна
7676,0.054,2022-07-02,6,226,Люцерна
7677,0.042,2022-08-01,6,226,Люцерна
7678,0.037,2022-10-05,6,226,Люцерна
7745,0.013000000000000001,2022-04-03,6,228,Люцерна
7746,0.044,2022-05-08,6,228,Люцерна
7747,0.038,2022-06-07,6,228,Люцерна
7748,0.034,2022-07-02,6,228,Люцерна
7749,0.034,2022-08-01,6,228,Люцерна
7750,0.036000000000000004,2022-10-05,6,228,Люцерна
7817,0.008,2022-04-03,4,224,Пшеница
7818,0.043000000000000003,2022-05-08,4,224,Пшеница
7819,0.049,2022-06-07,4,224,Пшеница
7820,0.029,2022-07-02,4,224,Пшеница
7821,0.014,2022-08-01,4,224,Пшеница
7822,0.013000000000000001,2022-10-05,4,224,Пшеница
7889,0.064,2022-04-03,2,200,Ячмень
7890,0.199,2022-05-08,2,200,Ячмень
7891,0.491,2022-06-07,2,200,Ячмень
7892,0.28300000000000003,2022-07-02,2,200,Ячмень
7893,0.116,2022-08-01,2,200,Ячмень
7894,0.092,2022-10-05,2,200,Ячмень
7960,0.06,2022-04-03,2,199,Ячмень
7961,0.225,2022-05-08,2,199,Ячмень
7962,0.452,2022-06-07,2,199,Ячмень
7963,0.27,2022-07-02,2,199,Ячмень
7964,0.117,2022-08-01,2,199,Ячмень
7965,0.097,2022-10-05,2,199,Ячмень
8076,0.038,2022-04-03,5,180,Свекла
8077,0.069,2022-05-08,5,180,Свекла
8078,0.128,2022-06-07,5,180,Свекла
8079,0.247,2022-07-02,5,180,Свекла
8080,0.254,2022-08-01,5,180,Свекла
8081,0.17400000000000002,2022-10-05,5,180,Свекла
8241,0.012,2022-04-03,5,170,Свекла
8242,0.02,2022-05-08,5,170,Свекла
8243,0.054,2022-06-07,5,170,Свекла
8244,0.094,2022-07-02,5,170,Свекла
8245,0.1,2022-08-01,5,170,Свекла
8246,0.074,2022-10-05,5,170,Свекла
8312,0.088,2022-04-03,4,162,Пшеница
8313,0.216,2022-05-08,4,162,Пшеница
8314,0.115,2022-06-07,4,162,Пшеница
8315,0.108,2022-07-02,4,162,Пшеница
8316,0.111,2022-08-01,4,162,Пшеница
8317,0.089,2022-10-05,4,162,Пшеница
8381,0.091,2022-04-03,2,168,Ячмень
8382,0.465,2022-05-08,2,168,Ячмень
8383,0.381,2022-06-07,2,168,Ячмень
8384,0.17400000000000002,2022-07-02,2,168,Ячмень
8385,0.116,2022-08-01,2,168,Ячмень
8386,0.108,2022-10-05,2,168,Ячмень
8452,0.136,2022-04-03,4,169,Пшеница
8453,0.31,2022-05-08,4,169,Пшеница
8454,0.162,2022-06-07,4,169,Пшеница
8455,0.117,2022-07-02,4,169,Пшеница
8456,0.078,2022-08-01,4,169,Пшеница
8457,0.074,2022-10-05,4,169,Пшеница
8520,0.046,2022-04-03,3,166,Кукуруза
8521,0.10200000000000001,2022-05-08,3,166,Кукуруза
8522,0.167,2022-06-07,3,166,Кукуруза
8523,0.292,2022-07-02,3,166,Кукуруза
8524,0.259,2022-08-01,3,166,Кукуруза
8525,0.065,2022-10-05,3,166,Кукуруза
8589,0.08,2022-04-03,6,165,Люцерна
8590,0.21,2022-05-08,6,165,Люцерна
8591,0.146,2022-06-07,6,165,Люцерна
8592,0.223,2022-07-02,6,165,Люцерна
8593,0.147,2022-08-01,6,165,Люцерна
8594,0.10200000000000001,2022-10-05,6,165,Люцерна
8660,0.098,2022-04-03,3,164,Кукуруза
8661,0.069,2022-05-08,3,164,Кукуруза
8662,0.12,2022-06-07,3,164,Кукуруза
8663,0.222,2022-07-02,3,164,Кукуруза
8664,0.219,2022-08-01,3,164,Кукуруза
8665,0.057,2022-10-05,3,164,Кукуруза
8728,0.05,2022-04-03,4,163,Пшеница
8729,0.122,2022-05-08,4,163,Пшеница
8730,0.075,2022-06-07,4,163,Пшеница
8731,0.074,2022-07-02,4,163,Пшеница
8732,0.067,2022-08-01,4,163,Пшеница
8733,0.044,2022-10-05,4,163,Пшеница
8797,0.077,2022-04-03,2,173,Ячмень
8798,0.362,2022-05-08,2,173,Ячмень
8799,0.277,2022-06-07,2,173,Ячмень
8800,0.14300000000000002,2022-07-02,2,173,Ячмень
8801,0.098,2022-08-01,2,173,Ячмень
8802,0.081,2022-10-05,2,173,Ячмень
8868,0.166,2022-04-03,4,175,Пшеница
8869,0.403,2022-05-08,4,175,Пшеница
8870,0.209,2022-06-07,4,175,Пшеница
8871,0.177,2022-07-02,4,175,Пшеница
8872,0.115,2022-08-01,4,175,Пшеница
8873,0.10200000000000001,2022-10-05,4,175,Пшеница
8936,0.051000000000000004,2022-04-03,5,176,Свекла
8937,0.082,2022-05-08,5,176,Свекла
8938,0.247,2022-06-07,5,176,Свекла
8939,0.281,2022-07-02,5,176,Свекла
8940,0.259,2022-08-01,5,176,Свекла
8941,0.059000000000000004,2022-10-05,5,176,Свекла
9005,0.126,2022-04-03,6,174,Люцерна
9006,0.264,2022-05-08,6,174,Люцерна
9007,0.196,2022-06-07,6,174,Люцерна
9008,0.245,2022-07-02,6,174,Люцерна
9009,0.123,2022-08-01,6,174,Люцерна
9010,0.126,2022-10-05,6,174,Люцерна
9077,0.088,2022-04-03,2,181,Ячмень
9078,0.41100000000000003,2022-05-08,2,181,Ячмень
9079,0.466,2022-06-07,2,181,Ячмень
9080,0.147,2022-07-02,2,181,Ячмень
9081,0.094,2022-08-01,2,181,Ячмень
9082,0.08600000000000001,2022-10-05,2,181,Ячмень
9148,0.017,2022-04-03,5,167,Свекла
9149,0.037,2022-05-08,5,167,Свекла
9150,0.092,2022-06-07,5,167,Свекла
9151,0.121,2022-07-02,5,167,Свекла
9152,0.112,2022-08-01,5,167,Свекла
9153,0.076,2022-10-05,5,167,Свекла
9216,0.146,2022-04-03,4,151,Пшеница
9217,0.402,2022-05-08,4,151,Пшеница
9218,0.379,2022-06-07,4,151,Пшеница
9219,0.121,2022-07-02,4,151,Пшеница
9220,0.1,2022-08-01,4,151,Пшеница
9221,0.11,2022-10-05,4,151,Пшеница
9285,0.042,2022-04-03,3,140,Кукуруза
9286,0.083,2022-05-08,3,140,Кукуруза
9287,0.222,2022-06-07,3,140,Кукуруза
9288,0.28500000000000003,2022-07-02,3,140,Кукуруза
9289,0.266,2022-08-01,3,140,Кукуруза
9290,0.093,2022-10-05,3,140,Кукуруза
9357,0.016,2022-04-03,5,142,Свекла
9358,0.025,2022-05-08,5,142,Свекла
9359,0.07100000000000001,2022-06-07,5,142,Свекла
9360,0.097,2022-07-02,5,142,Свекла
9361,0.10200000000000001,2022-08-01,5,142,Свекла
9362,0.08,2022-10-05,5,142,Свекла
9428,0.02,2022-04-03,5,141,Свекла
9429,0.036000000000000004,2022-05-08,5,141,Свекла
9430,0.131,2022-06-07,5,141,Свекла
9431,0.146,2022-07-02,5,141,Свекла
9432,0.127,2022-08-01,5,141,Свекла
9433,0.073,2022-10-05,5,141,Свекла
9496,0.099,2022-04-03,2,139,Ячмень
9497,0.192,2022-05-08,2,139,Ячмень
9498,0.091,2022-06-07,2,139,Ячмень
9499,0.057,2022-07-02,2,139,Ячмень
9500,0.031,2022-08-01,2,139,Ячмень
9501,0.029,2022-10-05,2,139,Ячмень
9565,0.012,2022-04-03,3,137,Кукуруза
9566,0.027,2022-05-08,3,137,Кукуруза
9567,0.061,2022-06-07,3,137,Кукуруза
9568,0.082,2022-07-02,3,137,Кукуруза
9569,0.076,2022-08-01,3,137,Кукуруза
9570,0.029,2022-10-05,3,137,Кукуруза
9637,0.021,2022-04-03,5,138,Свекла
9638,0.043000000000000003,2022-05-08,5,138,Свекла
9639,0.105,2022-06-07,5,138,Свекла
9640,0.134,2022-07-02,5,138,Свекла
9641,0.14,2022-08-01,5,138,Свекла
9642,0.036000000000000004,2022-10-05,5,138,Свекла
9709,0.016,2022-04-03,5,136,Свекла
9710,0.035,2022-05-08,5,136,Свекла
9711,0.08600000000000001,2022-06-07,5,136,Свекла
9712,0.09,2022-07-02,5,136,Свекла
9713,0.101,2022-08-01,5,136,Свекла
9714,0.034,2022-10-05,5,136,Свекла
9781,0.058,2022-04-03,3,146,Кукуруза
9782,0.112,2022-05-08,3,146,Кукуруза
9783,0.20500000000000002,2022-06-07,3,146,Кукуруза
9784,0.334,2022-07-02,3,146,Кукуруза
9785,0.327,2022-08-01,3,146,Кукуруза
9786,0.114,2022-10-05,3,146,Кукуруза
9853,0.059000000000000004,2022-04-03,3,147,Кукуруза
9854,0.114,2022-05-08,3,147,Кукуруза
9855,0.225,2022-06-07,3,147,Кукуруза
9856,0.378,2022-07-02,3,147,Кукуруза
9857,0.35000000000000003,2022-08-01,3,147,Кукуруза
9858,0.127,2022-10-05,3,147,Кукуруза
9925,0.139,2022-04-03,6,149,Люцерна
9926,0.443,2022-05-08,6,149,Люцерна
9927,0.277,2022-06-07,6,149,Люцерна
9928,0.45,2022-07-02,6,149,Люцерна
9929,0.383,2022-08-01,6,149,Люцерна
9930,0.222,2022-10-05,6,149,Люцерна
9997,0.031,2022-04-03,12,143,Томат
9998,0.044,2022-05-08,12,143,Томат
9999,0.097,2022-06-07,12,143,Томат
10000,0.165,2022-07-02,12,143,Томат
10001,0.20800000000000002,2022-08-01,12,143,Томат
10002,0.069,2022-10-05,12,143,Томат
10069,0.027,2022-04-03,5,135,Свекла
10070,0.05,2022-05-08,5,135,Свекла
10071,0.126,2022-06-07,5,135,Свекла
10072,0.167,2022-07-02,5,135,Свекла
10073,0.179,2022-08-01,5,135,Свекла
10074,0.04,2022-10-05,5,135,Свекла
10141,0.041,2022-04-03,5,119,Свекла
10142,0.08,2022-05-08,5,119,Свекла
10143,0.199,2022-06-07,5,119,Свекла
10144,0.219,2022-07-02,5,119,Свекла
10145,0.22,2022-08-01,5,119,Свекла
10146,0.22,2022-10-05,5,119,Свекла
10213,0.044,2022-04-03,1,126,Соя
10214,0.095,2022-05-08,1,126,Соя
10215,0.131,2022-06-07,1,126,Соя
10216,0.211,2022-07-02,1,126,Соя
10217,0.34900000000000003,2022-08-01,1,126,Соя
10218,0.167,2022-10-05,1,126,Соя
10285,0.059000000000000004,2022-04-03,3,125,Кукуруза
10286,0.091,2022-05-08,3,125,Кукуруза
10287,0.18,2022-06-07,3,125,Кукуруза
10288,0.396,2022-07-02,3,125,Кукуруза
10289,0.385,2022-08-01,3,125,Кукуруза
10290,0.15,2022-10-05,3,125,Кукуруза
10357,0.029,2022-04-03,5,122,Свекла
10358,0.065,2022-05-08,5,122,Свекла
10359,0.082,2022-06-07,5,122,Свекла
10360,0.031,2022-07-02,5,122,Свекла
10361,0.03,2022-08-01,5,122,Свекла
10362,0.158,2022-10-05,5,122,Свекла
10428,0.021,2022-04-03,3,118,Кукуруза
10429,0.042,2022-05-08,3,118,Кукуруза
10430,0.11,2022-06-07,3,118,Кукуруза
10431,0.159,2022-07-02,3,118,Кукуруза
10432,0.145,2022-08-01,3,118,Кукуруза
10433,0.047,2022-10-05,3,118,Кукуруза
10496,0.081,2022-04-03,5,112,Свекла
10497,0.107,2022-05-08,5,112,Свекла
10498,0.252,2022-06-07,5,112,Свекла
10499,0.432,2022-07-02,5,112,Свекла
10500,0.439,2022-08-01,5,112,Свекла
10501,0.09,2022-10-05,5,112,Свекла
10564,0.082,2022-04-03,3,103,Кукуруза
10565,0.161,2022-05-08,3,103,Кукуруза
10566,0.192,2022-06-07,3,103,Кукуруза
10567,0.21,2022-07-02,3,103,Кукуруза
10568,0.24,2022-08-01,3,103,Кукуруза
10569,0.2,2022-10-05,3,103,Кукуруза
10632,0.041,2022-04-03,1,104,Соя
10633,0.08700000000000001,2022-05-08,1,104,Соя
10634,0.18,2022-06-07,1,104,Соя
10635,0.271,2022-07-02,1,104,Соя
10636,0.32,2022-08-01,1,104,Соя
10637,0.189,2022-10-05,1,104,Соя
10700,0.032,2022-04-03,3,106,Кукуруза
10701,0.041,2022-05-08,3,106,Кукуруза
10702,0.098,2022-06-07,3,106,Кукуруза
10703,0.176,2022-07-02,3,106,Кукуруза
10704,0.183,2022-08-01,3,106,Кукуруза
10705,0.108,2022-10-05,3,106,Кукуруза
10768,0.08700000000000001,2022-04-03,3,105,Кукуруза
10769,0.28200000000000003,2022-05-08,3,105,Кукуруза
10770,0.30000000000000004,2022-06-07,3,105,Кукуруза
10771,0.268,2022-07-02,3,105,Кукуруза
10772,0.112,2022-08-01,3,105,Кукуруза
10773,0.13,2022-10-05,3,105,Кукуруза
10836,0.094,2022-04-03,2,107,Ячмень
10837,0.292,2022-05-08,2,107,Ячмень
10838,0.295,2022-06-07,2,107,Ячмень
10839,0.253,2022-07-02,2,107,Ячмень
10840,0.14,2022-08-01,2,107,Ячмень
10841,0.152,2022-10-05,2,107,Ячмень
10904,0.062,2022-04-03,2,102,Ячмень
10905,0.193,2022-05-08,2,102,Ячмень
10906,0.184,2022-06-07,2,102,Ячмень
10907,0.14,2022-07-02,2,102,Ячмень
10908,0.108,2022-08-01,2,102,Ячмень
10909,0.138,2022-10-05,2,102,Ячмень
10972,0.048,2022-04-03,5,110,Свекла
10973,0.064,2022-05-08,5,110,Свекла
10974,0.111,2022-06-07,5,110,Свекла
10975,0.264,2022-07-02,5,110,Свекла
10976,0.268,2022-08-01,5,110,Свекла
10977,0.23,2022-10-05,5,110,Свекла
11040,0.056,2022-04-03,1,124,Соя
11041,0.133,2022-05-08,1,124,Соя
11042,0.20500000000000002,2022-06-07,1,124,Соя
11043,0.293,2022-07-02,1,124,Соя
11044,0.423,2022-08-01,1,124,Соя
11045,0.167,2022-10-05,1,124,Соя
11109,0.043000000000000003,2022-04-03,5,87,Свекла
11110,0.057,2022-05-08,5,87,Свекла
11111,0.10200000000000001,2022-06-07,5,87,Свекла
11112,0.129,2022-07-02,5,87,Свекла
11113,0.223,2022-08-01,5,87,Свекла
11114,0.247,2022-10-05,5,87,Свекла
11417,0.057,2022-04-03,3,84,Кукуруза
11418,0.192,2022-05-08,3,84,Кукуруза
11419,0.241,2022-06-07,3,84,Кукуруза
11420,0.365,2022-07-02,3,84,Кукуруза
11421,0.371,2022-08-01,3,84,Кукуруза
11422,0.123,2022-10-05,3,84,Кукуруза
11489,0.062,2022-04-03,3,83,Кукуруза
11490,0.113,2022-05-08,3,83,Кукуруза
11491,0.213,2022-06-07,3,83,Кукуруза
11492,0.366,2022-07-02,3,83,Кукуруза
11493,0.405,2022-08-01,3,83,Кукуруза
11494,0.149,2022-10-05,3,83,Кукуруза
11604,0.091,2022-04-03,2,89,Ячмень
11605,0.34800000000000003,2022-05-08,2,89,Ячмень
11606,0.332,2022-06-07,2,89,Ячмень
11607,0.148,2022-07-02,2,89,Ячмень
11608,0.105,2022-08-01,2,89,Ячмень
11609,0.094,2022-10-05,2,89,Ячмень
11672,0.033,2022-04-03,5,86,Свекла
11673,0.049,2022-05-08,5,86,Свекла
11674,0.116,2022-06-07,5,86,Свекла
11675,0.233,2022-07-02,5,86,Свекла
11676,0.243,2022-08-01,5,86,Свекла
11677,0.17200000000000001,2022-10-05,5,86,Свекла
11740,0.02,2022-04-03,5,96,Свекла
11741,0.037,2022-05-08,5,96,Свекла
11742,0.047,2022-06-07,5,96,Свекла
11743,0.069,2022-07-02,5,96,Свекла
11744,0.11,2022-08-01,5,96,Свекла
11745,0.116,2022-10-05,5,96,Свекла
11808,0.032,2022-04-03,1,97,Соя
11809,0.063,2022-05-08,1,97,Соя
11810,0.126,2022-06-07,1,97,Соя
11811,0.14200000000000002,2022-07-02,1,97,Соя
11812,0.215,2022-08-01,1,97,Соя
11813,0.12,2022-10-05,1,97,Соя
11877,0.038,2022-04-03,2,99,Ячмень
11878,0.14,2022-05-08,2,99,Ячмень
11879,0.16,2022-06-07,2,99,Ячмень
11880,0.073,2022-07-02,2,99,Ячмень
11881,0.056,2022-08-01,2,99,Ячмень
11882,0.049,2022-10-05,2,99,Ячмень
11949,0.082,2022-04-03,4,98,Пшеница
11950,0.245,2022-05-08,4,98,Пшеница
11951,0.165,2022-06-07,4,98,Пшеница
11952,0.114,2022-07-02,4,98,Пшеница
11953,0.09,2022-08-01,4,98,Пшеница
11954,0.073,2022-10-05,4,98,Пшеница
12020,0.216,2022-04-03,6,90,Люцерна
12021,0.583,2022-05-08,6,90,Люцерна
12022,0.199,2022-06-07,6,90,Люцерна
12023,0.26,2022-07-02,6,90,Люцерна
12024,0.505,2022-08-01,6,90,Люцерна
12025,0.375,2022-10-05,6,90,Люцерна
12207,0.107,2022-04-03,2,92,Ячмень
12208,0.364,2022-05-08,2,92,Ячмень
12209,0.42,2022-06-07,2,92,Ячмень
12210,0.226,2022-07-02,2,92,Ячмень
12211,0.046,2022-08-01,2,92,Ячмень
12212,0.148,2022-10-05,2,92,Ячмень
12275,0.11,2022-04-03,4,91,Пшеница
12276,0.293,2022-05-08,4,91,Пшеница
12277,0.341,2022-06-07,4,91,Пшеница
12278,0.223,2022-07-02,4,91,Пшеница
12279,0.14100000000000001,2022-08-01,4,91,Пшеница
12280,0.113,2022-10-05,4,91,Пшеница
12343,0.062,2022-04-03,3,93,Кукуруза
12344,0.095,2022-05-08,3,93,Кукуруза
12345,0.233,2022-06-07,3,93,Кукуруза
12346,0.34400000000000003,2022-07-02,3,93,Кукуруза
12347,0.312,2022-08-01,3,93,Кукуруза
12348,0.124,2022-10-05,3,93,Кукуруза
12412,0.031,2022-04-03,4,128,Пшеница
12413,0.115,2022-05-08,4,128,Пшеница
12414,0.17300000000000001,2022-06-07,4,128,Пшеница
12415,0.088,2022-07-02,4,128,Пшеница
12416,0.062,2022-08-01,4,128,Пшеница
12417,0.035,2022-10-05,4,128,Пшеница
12484,0.082,2022-04-03,6,113,Люцерна
12485,0.267,2022-05-08,6,113,Люцерна
12486,0.20800000000000002,2022-06-07,6,113,Люцерна
12487,0.23800000000000002,2022-07-02,6,113,Люцерна
12488,0.181,2022-08-01,6,113,Люцерна
12489,0.1,2022-10-05,6,113,Люцерна
12556,0.083,2022-04-03,2,100,Ячмень
12557,0.201,2022-05-08,2,100,Ячмень
12558,0.253,2022-06-07,2,100,Ячмень
12559,0.146,2022-07-02,2,100,Ячмень
12560,0.101,2022-08-01,2,100,Ячмень
12561,0.074,2022-10-05,2,100,Ячмень
12627,0.10400000000000001,2022-04-03,2,101,Ячмень
12628,0.392,2022-05-08,2,101,Ячмень
12629,0.353,2022-06-07,2,101,Ячмень
12630,0.131,2022-07-02,2,101,Ячмень
12631,0.09,2022-08-01,2,101,Ячмень
12632,0.08600000000000001,2022-10-05,2,101,Ячмень
12696,0.045,2022-04-03,2,108,Ячмень
12697,0.151,2022-05-08,2,108,Ячмень
12698,0.14400000000000002,2022-06-07,2,108,Ячмень
12699,0.081,2022-07-02,2,108,Ячмень
12700,0.042,2022-08-01,2,108,Ячмень
12701,0.035,2022-10-05,2,108,Ячмень
12768,0.191,2022-04-03,4,121,Пшеница
12769,0.461,2022-05-08,4,121,Пшеница
12770,0.233,2022-06-07,4,121,Пшеница
12771,0.17300000000000001,2022-07-02,4,121,Пшеница
12772,0.064,2022-08-01,4,121,Пшеница
12773,0.064,2022-10-05,4,121,Пшеница
12840,0.08700000000000001,2022-04-03,4,127,Пшеница
12841,0.191,2022-05-08,4,127,Пшеница
12842,0.124,2022-06-07,4,127,Пшеница
12843,0.066,2022-07-02,4,127,Пшеница
12844,0.03,2022-08-01,4,127,Пшеница
12845,0.03,2022-10-05,4,127,Пшеница
12912,0.131,2022-04-03,4,116,Пшеница
12913,0.34800000000000003,2022-05-08,4,116,Пшеница
12914,0.165,2022-06-07,4,116,Пшеница
12915,0.098,2022-07-02,4,116,Пшеница
12916,0.046,2022-08-01,4,116,Пшеница
12917,0.05,2022-10-05,4,116,Пшеница
12984,0.019,2022-04-03,3,123,Кукуруза
12985,0.036000000000000004,2022-05-08,3,123,Кукуруза
12986,0.096,2022-06-07,3,123,Кукуруза
12987,0.127,2022-07-02,3,123,Кукуруза
12988,0.101,2022-08-01,3,123,Кукуруза
12989,0.038,2022-10-05,3,123,Кукуруза
13056,0.017,2022-04-03,2,129,Ячмень
13057,0.131,2022-05-08,2,129,Ячмень
13058,0.17400000000000002,2022-06-07,2,129,Ячмень
13059,0.064,2022-07-02,2,129,Ячмень
13060,0.042,2022-08-01,2,129,Ячмень
13061,0.036000000000000004,2022-10-05,2,129,Ячмень
13127,0.049,2022-04-03,5,85,Свекла
13128,0.077,2022-05-08,5,85,Свекла
13129,0.255,2022-06-07,5,85,Свекла
13130,0.201,2022-07-02,5,85,Свекла
13131,0.077,2022-08-01,5,85,Свекла
13132,0.06,2022-10-05,5,85,Свекла
13239,0.106,2022-04-03,4,3,Пшеница
13240,0.128,2022-06-07,4,3,Пшеница
13241,0.07200000000000001,2022-07-02,4,3,Пшеница
13242,0.044,2022-08-01,4,3,Пшеница
13243,0.045,2022-09-05,4,3,Пшеница
13303,0.263,2022-04-03,6,6,Люцерна
13304,0.34600000000000003,2022-06-07,6,6,Люцерна
13305,0.47500000000000003,2022-07-02,6,6,Люцерна
13306,0.403,2022-08-01,6,6,Люцерна
13307,0.279,2022-09-05,6,6,Люцерна
13367,0.212,2022-04-03,4,8,Пшеница
13368,0.199,2022-06-07,4,8,Пшеница
13369,0.11,2022-07-02,4,8,Пшеница
13370,0.07200000000000001,2022-08-01,4,8,Пшеница
13371,0.07100000000000001,2022-09-05,4,8,Пшеница
13455,0.054,2022-04-03,6,10,Люцерна
13456,0.066,2022-06-07,6,10,Люцерна
13457,0.085,2022-07-02,6,10,Люцерна
13458,0.053,2022-08-01,6,10,Люцерна
13459,0.059000000000000004,2022-09-05,6,10,Люцерна
13519,0.009000000000000001,2022-04-03,2,32,Ячмень
13520,0.037,2022-06-07,2,32,Ячмень
13521,0.015,2022-07-02,2,32,Ячмень
13522,0.012,2022-08-01,2,32,Ячмень
13523,0.011,2022-09-05,2,32,Ячмень
13583,0.012,2022-04-03,3,31,Кукуруза
13584,0.053,2022-06-07,3,31,Кукуруза
13585,0.064,2022-07-02,3,31,Кукуруза
13586,0.063,2022-08-01,3,31,Кукуруза
13587,0.047,2022-09-05,3,31,Кукуруза
13652,0.017,2022-04-03,2,57,Ячмень
13653,0.062,2022-05-08,2,57,Ячмень
13654,0.066,2022-06-07,2,57,Ячмень
13655,0.033,2022-07-02,2,57,Ячмень
13656,0.019,2022-08-01,2,57,Ячмень
13657,0.017,2022-09-05,2,57,Ячмень
13658,0.017,2022-10-05,2,57,Ячмень
13755,0.082,2022-04-03,3,53,Кукуруза
13756,0.23700000000000002,2022-05-08,3,53,Кукуруза
13757,0.289,2022-06-07,3,53,Кукуруза
13758,0.146,2022-07-02,3,53,Кукуруза
13759,0.125,2022-08-01,3,53,Кукуруза
13760,0.10300000000000001,2022-09-05,3,53,Кукуруза
13761,0.093,2022-10-05,3,53,Кукуруза
13858,0.073,2022-04-03,4,55,Пшеница
13859,0.098,2022-05-08,4,55,Пшеница
13860,0.167,2022-06-07,4,55,Пшеница
13861,0.395,2022-07-02,4,55,Пшеница
13862,0.404,2022-08-01,4,55,Пшеница
13863,0.355,2022-09-05,4,55,Пшеница
13864,0.121,2022-10-05,4,55,Пшеница
13962,0.077,2022-04-03,6,56,Люцерна
13963,0.28800000000000003,2022-05-08,6,56,Люцерна
13964,0.2,2022-06-07,6,56,Люцерна
13965,0.256,2022-07-02,6,56,Люцерна
13966,0.107,2022-08-01,6,56,Люцерна
13967,0.20600000000000002,2022-09-05,6,56,Люцерна
13968,0.096,2022-10-05,6,56,Люцерна
14065,0.056,2022-04-03,5,50,Свекла
14066,0.099,2022-05-08,5,50,Свекла
14067,0.14300000000000002,2022-06-07,5,50,Свекла
14068,0.20800000000000002,2022-07-02,5,50,Свекла
14069,0.277,2022-08-01,5,50,Свекла
14070,0.289,2022-09-05,5,50,Свекла
14071,0.23800000000000002,2022-10-05,5,50,Свекла
14165,0.10400000000000001,2022-04-03,4,51,Пшеница
14166,0.243,2022-05-08,4,51,Пшеница
14167,0.17400000000000002,2022-06-07,4,51,Пшеница
14168,0.097,2022-07-02,4,51,Пшеница
14169,0.088,2022-08-01,4,51,Пшеница
14170,0.08,2022-09-05,4,51,Пшеница
14171,0.077,2022-10-05,4,51,Пшеница
14261,0.018000000000000002,2022-04-03,6,33,Люцерна
14262,0.039,2022-06-07,6,33,Люцерна
14263,0.033,2022-07-02,6,33,Люцерна
14264,0.027,2022-08-01,6,33,Люцерна
14265,0.014,2022-09-05,6,33,Люцерна
14325,0.013000000000000001,2022-04-03,3,39,Кукуруза
14326,0.029,2022-06-07,3,39,Кукуруза
14327,0.022,2022-07-02,3,39,Кукуруза
14328,0.026000000000000002,2022-08-01,3,39,Кукуруза
14329,0.027,2022-09-05,3,39,Кукуруза
14389,0.168,2022-04-03,4,37,Пшеница
14390,0.122,2022-06-07,4,37,Пшеница
14391,0.1,2022-07-02,4,37,Пшеница
14392,0.083,2022-08-01,4,37,Пшеница
14393,0.08600000000000001,2022-09-05,4,37,Пшеница
14453,0.158,2022-04-03,6,36,Люцерна
14454,0.273,2022-06-07,6,36,Люцерна
14455,0.321,2022-07-02,6,36,Люцерна
14456,0.241,2022-08-01,6,36,Люцерна
14457,0.161,2022-09-05,6,36,Люцерна
14517,0.211,2022-04-03,6,38,Люцерна
14518,0.467,2022-06-07,6,38,Люцерна
14519,0.316,2022-07-02,6,38,Люцерна
14520,0.31,2022-08-01,6,38,Люцерна
14521,0.227,2022-09-05,6,38,Люцерна
14581,0.008,2022-04-03,3,26,Кукуруза
14582,0.022,2022-06-07,3,26,Кукуруза
14583,0.029,2022-07-02,3,26,Кукуруза
14584,0.026000000000000002,2022-08-01,3,26,Кукуруза
14585,0.017,2022-09-05,3,26,Кукуруза
14645,0.032,2022-04-03,3,21,Кукуруза
14646,0.064,2022-06-07,3,21,Кукуруза
14647,0.097,2022-07-02,3,21,Кукуруза
14648,0.092,2022-08-01,3,21,Кукуруза
14649,0.061,2022-09-05,3,21,Кукуруза
14709,0.043000000000000003,2022-04-03,5,15,Свекла
14710,0.097,2022-06-07,5,15,Свекла
14711,0.187,2022-07-02,5,15,Свекла
14712,0.209,2022-08-01,5,15,Свекла
14713,0.226,2022-09-05,5,15,Свекла
14773,0.011,2022-04-03,3,20,Кукуруза
14774,0.032,2022-06-07,3,20,Кукуруза
14775,0.054,2022-07-02,3,20,Кукуруза
14776,0.052000000000000005,2022-08-01,3,20,Кукуруза
14777,0.037,2022-09-05,3,20,Кукуруза
14837,0.016,2022-04-03,5,22,Свекла
14838,0.082,2022-06-07,5,22,Свекла
14839,0.097,2022-07-02,5,22,Свекла
14840,0.092,2022-08-01,5,22,Свекла
14841,0.096,2022-09-05,5,22,Свекла
14901,0.017,2022-04-03,3,23,Кукуруза
14902,0.039,2022-06-07,3,23,Кукуруза
14903,0.093,2022-07-02,3,23,Кукуруза
14904,0.10200000000000001,2022-08-01,3,23,Кукуруза
14905,0.073,2022-09-05,3,23,Кукуруза
14965,0.024,2022-04-03,5,17,Свекла
14966,0.14400000000000002,2022-06-07,5,17,Свекла
14967,0.12,2022-07-02,5,17,Свекла
14968,0.11900000000000001,2022-08-01,5,17,Свекла
14969,0.115,2022-09-05,5,17,Свекла
15029,0.043000000000000003,2022-04-03,2,29,Ячмень
15030,0.123,2022-06-07,2,29,Ячмень
15031,0.069,2022-07-02,2,29,Ячмень
15032,0.038,2022-08-01,2,29,Ячмень
15033,0.042,2022-09-05,2,29,Ячмень
15141,0.063,2022-04-03,16,27,Софлор
15142,0.418,2022-06-07,16,27,Софлор
15143,0.254,2022-07-02,16,27,Софлор
15144,0.12,2022-08-01,16,27,Софлор
15145,0.097,2022-09-05,16,27,Софлор
15205,0.018000000000000002,2022-04-03,2,35,Ячмень
15206,0.062,2022-06-07,2,35,Ячмень
15207,0.027,2022-07-02,2,35,Ячмень
15208,0.018000000000000002,2022-08-01,2,35,Ячмень
15209,0.02,2022-09-05,2,35,Ячмень
15273,0.068,2022-04-03,5,48,Свекла
15274,0.218,2022-05-08,5,48,Свекла
15275,0.117,2022-06-07,5,48,Свекла
15276,0.149,2022-07-02,5,48,Свекла
15277,0.101,2022-08-01,5,48,Свекла
15278,0.076,2022-09-05,5,48,Свекла
15279,0.07,2022-10-05,5,48,Свекла
15375,0.109,2022-04-03,5,58,Свекла
15376,0.368,2022-05-08,5,58,Свекла
15377,0.324,2022-06-07,5,58,Свекла
15378,0.223,2022-07-02,5,58,Свекла
15379,0.105,2022-08-01,5,58,Свекла
15380,0.131,2022-09-05,5,58,Свекла
15381,0.152,2022-10-05,5,58,Свекла
15480,0.08600000000000001,2022-04-03,3,59,Кукуруза
15481,0.117,2022-05-08,3,59,Кукуруза
15482,0.20600000000000002,2022-06-07,3,59,Кукуруза
15483,0.427,2022-07-02,3,59,Кукуруза
15484,0.452,2022-08-01,3,59,Кукуруза
15485,0.357,2022-09-05,3,59,Кукуруза
15486,0.161,2022-10-05,3,59,Кукуруза
15995,0.099,2022-04-03,2,7,Ячмень
15996,0.316,2022-06-07,2,7,Ячмень
15997,0.149,2022-07-02,2,7,Ячмень
15998,0.094,2022-08-01,2,7,Ячмень
15999,0.057,2022-09-05,2,7,Ячмень
16059,0.07200000000000001,2022-04-03,6,1,Люцерна
16060,0.40800000000000003,2022-06-07,6,1,Люцерна
16061,0.37,2022-07-02,6,1,Люцерна
16062,0.377,2022-08-01,6,1,Люцерна
16063,0.358,2022-09-05,6,1,Люцерна
16123,0.108,2022-04-03,5,2,Свекла
16124,0.41600000000000004,2022-06-07,5,2,Свекла
16125,0.314,2022-07-02,5,2,Свекла
16126,0.379,2022-08-01,5,2,Свекла
16127,0.343,2022-09-05,5,2,Свекла
16187,0.065,2022-04-03,3,5,Кукуруза
16188,0.289,2022-06-07,3,5,Кукуруза
16189,0.44,2022-07-02,3,5,Кукуруза
16190,0.382,2022-08-01,3,5,Кукуруза
16191,0.243,2022-09-05,3,5,Кукуруза
16251,0.059000000000000004,2022-04-03,5,9,Свекла
16252,0.111,2022-06-07,5,9,Свекла
16253,0.195,2022-07-02,5,9,Свекла
16254,0.211,2022-08-01,5,9,Свекла
16255,0.23700000000000002,2022-09-05,5,9,Свекла
16315,0.036000000000000004,2022-04-03,5,11,Свекла
16316,0.14,2022-06-07,5,11,Свекла
16317,0.08600000000000001,2022-07-02,5,11,Свекла
16318,0.08,2022-08-01,5,11,Свекла
16319,0.07200000000000001,2022-09-05,5,11,Свекла
16379,0.151,2022-04-03,4,12,Пшеница
16380,0.28700000000000003,2022-06-07,4,12,Пшеница
16381,0.14,2022-07-02,4,12,Пшеница
16382,0.10200000000000001,2022-08-01,4,12,Пшеница
16383,0.116,2022-09-05,4,12,Пшеница
16443,0.07100000000000001,2022-04-03,5,13,Свекла
16444,0.377,2022-06-07,5,13,Свекла
16445,0.549,2022-07-02,5,13,Свекла
16446,0.501,2022-08-01,5,13,Свекла
16447,0.421,2022-09-05,5,13,Свекла
16507,0.199,2022-04-03,4,14,Пшеница
16508,0.234,2022-06-07,4,14,Пшеница
16509,0.169,2022-07-02,4,14,Пшеница
16510,0.125,2022-08-01,4,14,Пшеница
16511,0.068,2022-09-05,4,14,Пшеница
16574,0.031,2022-04-03,4,60,Пшеница
16575,0.14100000000000001,2022-05-08,4,60,Пшеница
16576,0.164,2022-06-07,4,60,Пшеница
16577,0.07200000000000001,2022-07-02,4,60,Пшеница
16578,0.027,2022-08-01,4,60,Пшеница
16579,0.027,2022-09-05,4,60,Пшеница
16580,0.023,2022-10-05,4,60,Пшеница
16735,0.17300000000000001,2022-04-03,4,42,Пшеница
16736,0.121,2022-06-07,4,42,Пшеница
16737,0.085,2022-07-02,4,42,Пшеница
16738,0.073,2022-08-01,4,42,Пшеница
16739,0.048,2022-09-05,4,42,Пшеница
16803,0.168,2022-04-03,4,47,Пшеница
16804,0.353,2022-05-08,4,47,Пшеница
16805,0.10400000000000001,2022-06-07,4,47,Пшеница
16806,0.083,2022-07-02,4,47,Пшеница
16807,0.069,2022-08-01,4,47,Пшеница
16808,0.048,2022-09-05,4,47,Пшеница
16809,0.048,2022-10-05,4,47,Пшеница
16902,0.13,2022-04-03,6,52,Люцерна
16903,0.289,2022-05-08,6,52,Люцерна
16904,0.094,2022-06-07,6,52,Люцерна
16905,0.08,2022-07-02,6,52,Люцерна
16906,0.07200000000000001,2022-08-01,6,52,Люцерна
16907,0.069,2022-09-05,6,52,Люцерна
16908,0.066,2022-10-05,6,52,Люцерна
17001,0.033,2022-04-03,6,63,Люцерна
17002,0.074,2022-05-08,6,63,Люцерна
17003,0.176,2022-06-07,6,63,Люцерна
17004,0.059000000000000004,2022-07-02,6,63,Люцерна
17005,0.07200000000000001,2022-08-01,6,63,Люцерна
17006,0.066,2022-09-05,6,63,Люцерна
17007,0.054,2022-10-05,6,63,Люцерна
17169,0.093,2022-04-03,2,62,Ячмень
17170,0.244,2022-05-08,2,62,Ячмень
17171,0.147,2022-06-07,2,62,Ячмень
17172,0.051000000000000004,2022-07-02,2,62,Ячмень
17173,0.049,2022-08-01,2,62,Ячмень
17174,0.108,2022-09-05,2,62,Ячмень
17175,0.17200000000000001,2022-10-05,2,62,Ячмень
17268,0.137,2022-04-03,4,64,Пшеница
17269,0.319,2022-05-08,4,64,Пшеница
17270,0.17200000000000001,2022-06-07,4,64,Пшеница
17271,0.091,2022-07-02,4,64,Пшеница
17272,0.047,2022-08-01,4,64,Пшеница
17273,0.046,2022-08-01,4,64,Пшеница
17274,0.132,2022-09-05,4,64,Пшеница
17275,0.213,2022-10-05,4,64,Пшеница
17369,0.164,2022-04-03,17,65,Сил
17370,0.381,2022-05-08,17,65,Сил
17371,0.165,2022-06-07,17,65,Сил
17372,0.096,2022-07-02,17,65,Сил
17373,0.051000000000000004,2022-08-01,17,65,Сил
17374,0.155,2022-09-05,17,65,Сил
17375,0.195,2022-10-05,17,65,Сил
17469,0.165,2022-04-03,4,66,Пшеница
17470,0.394,2022-05-08,4,66,Пшеница
17471,0.156,2022-06-07,4,66,Пшеница
17472,0.089,2022-07-02,4,66,Пшеница
17473,0.04,2022-08-01,4,66,Пшеница
17474,0.052000000000000005,2022-09-05,4,66,Пшеница
17475,0.1,2022-10-05,4,66,Пшеница
17565,0.062,2022-04-03,2,34,Ячмень
17566,0.136,2022-06-07,2,34,Ячмень
17567,0.083,2022-07-02,2,34,Ячмень
17568,0.064,2022-08-01,2,34,Ячмень
17569,0.063,2022-09-05,2,34,Ячмень
17653,0.077,2022-04-03,2,40,Ячмень
17654,0.198,2022-06-07,2,40,Ячмень
17655,0.122,2022-07-02,2,40,Ячмень
17656,0.078,2022-08-01,2,40,Ячмень
17657,0.077,2022-09-05,2,40,Ячмень
17717,0.037,2022-04-03,2,43,Ячмень
17718,0.073,2022-06-07,2,43,Ячмень
17719,0.044,2022-07-02,2,43,Ячмень
17720,0.036000000000000004,2022-08-01,2,43,Ячмень
17721,0.035,2022-09-05,2,43,Ячмень
17849,0.044,2022-04-03,2,80,Ячмень
17850,0.126,2022-05-08,2,80,Ячмень
17851,0.091,2022-06-07,2,80,Ячмень
17852,0.076,2022-07-02,2,80,Ячмень
17853,0.081,2022-08-01,2,80,Ячмень
17854,0.054,2022-10-05,2,80,Ячмень
17966,0.068,2022-04-03,6,95,Люцерна
17967,0.226,2022-05-08,6,95,Люцерна
17968,0.11,2022-06-07,6,95,Люцерна
17969,0.191,2022-07-02,6,95,Люцерна
17970,0.12,2022-08-01,6,95,Люцерна
17971,0.088,2022-10-05,6,95,Люцерна
18038,0.1,2022-04-03,4,94,Пшеница
18039,0.297,2022-05-08,4,94,Пшеница
18040,0.135,2022-06-07,4,94,Пшеница
18041,0.08700000000000001,2022-07-02,4,94,Пшеница
18042,0.05,2022-08-01,4,94,Пшеница
18043,0.048,2022-10-05,4,94,Пшеница
18109,0.051000000000000004,2022-04-03,4,131,Пшеница
18110,0.166,2022-05-08,4,131,Пшеница
18111,0.084,2022-06-07,4,131,Пшеница
18112,0.075,2022-07-02,4,131,Пшеница
18113,0.043000000000000003,2022-08-01,4,131,Пшеница
18114,0.041,2022-10-05,4,131,Пшеница
18177,0.106,2022-04-03,4,130,Пшеница
18178,0.232,2022-05-08,4,130,Пшеница
18179,0.14,2022-06-07,4,130,Пшеница
18180,0.093,2022-07-02,4,130,Пшеница
18181,0.053,2022-08-01,4,130,Пшеница
18182,0.055,2022-10-05,4,130,Пшеница
18245,0.074,2022-04-03,4,134,Пшеница
18246,0.187,2022-05-08,4,134,Пшеница
18247,0.078,2022-06-07,4,134,Пшеница
18248,0.07,2022-07-02,4,134,Пшеница
18249,0.048,2022-08-01,4,134,Пшеница
18250,0.049,2022-10-05,4,134,Пшеница
18313,0.023,2022-04-03,1,117,Соя
18314,0.046,2022-05-08,1,117,Соя
18315,0.095,2022-06-07,1,117,Соя
18316,0.161,2022-07-02,1,117,Соя
18317,0.166,2022-08-01,1,117,Соя
18318,0.064,2022-10-05,1,117,Соя
18381,0.085,2022-04-03,4,120,Пшеница
18382,0.36,2022-05-08,4,120,Пшеница
18383,0.152,2022-06-07,4,120,Пшеница
18384,0.078,2022-07-02,4,120,Пшеница
18385,0.073,2022-08-01,4,120,Пшеница
18386,0.076,2022-10-05,4,120,Пшеница
18449,0.217,2022-04-03,6,150,Люцерна
18450,0.437,2022-05-08,6,150,Люцерна
18451,0.34,2022-06-07,6,150,Люцерна
18452,0.423,2022-07-02,6,150,Люцерна
18453,0.259,2022-08-01,6,150,Люцерна
18454,0.19,2022-10-05,6,150,Люцерна
18517,0.041,2022-04-03,2,157,Ячмень
18518,0.14200000000000002,2022-05-08,2,157,Ячмень
18519,0.182,2022-06-07,2,157,Ячмень
18520,0.1,2022-07-02,2,157,Ячмень
18521,0.068,2022-08-01,2,157,Ячмень
18522,0.06,2022-10-05,2,157,Ячмень
18585,0.106,2022-04-03,6,152,Люцерна
18586,0.294,2022-05-08,6,152,Люцерна
18587,0.253,2022-06-07,6,152,Люцерна
18588,0.17500000000000002,2022-07-02,6,152,Люцерна
18589,0.195,2022-08-01,6,152,Люцерна
18590,0.113,2022-10-05,6,152,Люцерна
18653,0.053,2022-04-03,4,148,Пшеница
18654,0.14400000000000002,2022-05-08,4,148,Пшеница
18655,0.059000000000000004,2022-06-07,4,148,Пшеница
18656,0.038,2022-07-02,4,148,Пшеница
18657,0.033,2022-08-01,4,148,Пшеница
18658,0.037,2022-10-05,4,148,Пшеница
18721,0.161,2022-04-03,4,156,Пшеница
18722,0.334,2022-05-08,4,156,Пшеница
18723,0.10400000000000001,2022-06-07,4,156,Пшеница
18724,0.091,2022-07-02,4,156,Пшеница
18725,0.08600000000000001,2022-08-01,4,156,Пшеница
18726,0.089,2022-10-05,4,156,Пшеница
18789,0.031,2022-04-03,3,145,Кукуруза
18790,0.079,2022-05-08,3,145,Кукуруза
18791,0.098,2022-06-07,3,145,Кукуруза
18792,0.156,2022-07-02,3,145,Кукуруза
18793,0.124,2022-08-01,3,145,Кукуруза
18794,0.032,2022-10-05,3,145,Кукуруза
18857,0.149,2022-04-03,4,155,Пшеница
18858,0.275,2022-05-08,4,155,Пшеница
18859,0.095,2022-06-07,4,155,Пшеница
18860,0.08600000000000001,2022-07-02,4,155,Пшеница
18861,0.074,2022-08-01,4,155,Пшеница
18862,0.073,2022-10-05,4,155,Пшеница
18925,0.026000000000000002,2022-04-03,2,144,Ячмень
18926,0.11800000000000001,2022-05-08,2,144,Ячмень
18927,0.153,2022-06-07,2,144,Ячмень
18928,0.07,2022-07-02,2,144,Ячмень
18929,0.038,2022-08-01,2,144,Ячмень
18930,0.034,2022-10-05,2,144,Ячмень
18993,0.31,2022-04-03,6,133,Люцерна
18994,0.507,2022-05-08,6,133,Люцерна
18995,0.167,2022-06-07,6,133,Люцерна
18996,0.26,2022-07-02,6,133,Люцерна
18997,0.156,2022-08-01,6,133,Люцерна
18998,0.20400000000000001,2022-10-05,6,133,Люцерна
19105,0.045,2022-04-03,2,154,Ячмень
19106,0.20400000000000001,2022-05-08,2,154,Ячмень
19107,0.152,2022-06-07,2,154,Ячмень
19108,0.089,2022-07-02,2,154,Ячмень
19109,0.067,2022-08-01,2,154,Ячмень
19110,0.05,2022-10-05,2,154,Ячмень
19173,0.069,2022-04-03,4,153,Пшеница
19174,0.20400000000000001,2022-05-08,4,153,Пшеница
19175,0.107,2022-06-07,4,153,Пшеница
19176,0.062,2022-07-02,4,153,Пшеница
19177,0.052000000000000005,2022-08-01,4,153,Пшеница
19178,0.028,2022-10-05,4,153,Пшеница
19241,0.029,2022-04-03,5,114,Свекла
19242,0.036000000000000004,2022-05-08,5,114,Свекла
19243,0.07,2022-06-07,5,114,Свекла
19244,0.107,2022-07-02,5,114,Свекла
19245,0.168,2022-08-01,5,114,Свекла
19246,0.049,2022-10-05,5,114,Свекла
19309,0.027,2022-04-03,5,115,Свекла
19310,0.031,2022-05-08,5,115,Свекла
19311,0.06,2022-06-07,5,115,Свекла
19312,0.10300000000000001,2022-07-02,5,115,Свекла
19313,0.157,2022-08-01,5,115,Свекла
19314,0.094,2022-10-05,5,115,Свекла
19567,0.251,2022-05-08,4,71,Пшеница
19761,0.126,2022-04-03,2,160,Ячмень
19762,0.181,2022-05-08,2,160,Ячмень
19763,0.23900000000000002,2022-06-07,2,160,Ячмень
19764,0.13,2022-07-02,2,160,Ячмень
19765,0.095,2022-08-01,2,160,Ячмень
19766,0.093,2022-10-05,2,160,Ячмень
19829,0.299,2022-04-03,6,159,Люцерна
19830,0.516,2022-05-08,6,159,Люцерна
19831,0.26,2022-06-07,6,159,Люцерна
19832,0.489,2022-07-02,6,159,Люцерна
19833,0.231,2022-08-01,6,159,Люцерна
19834,0.202,2022-10-05,6,159,Люцерна
19897,0.038,2022-04-03,4,161,Пшеница
19898,0.083,2022-05-08,4,161,Пшеница
19899,0.037,2022-06-07,4,161,Пшеница
19900,0.031,2022-07-02,4,161,Пшеница
19901,0.03,2022-08-01,4,161,Пшеница
19902,0.031,2022-10-05,4,161,Пшеница
19965,0.121,2022-04-03,4,158,Пшеница
19966,0.274,2022-05-08,4,158,Пшеница
19967,0.083,2022-06-07,4,158,Пшеница
19968,0.061,2022-07-02,4,158,Пшеница
19969,0.057,2022-08-01,4,158,Пшеница
19970,0.056,2022-10-05,4,158,Пшеница
20033,0.07100000000000001,2022-04-03,0,177,Картофель
20034,0.095,2022-05-08,0,177,Картофель
20035,0.312,2022-06-07,0,177,Картофель
20036,0.514,2022-07-02,0,177,Картофель
20037,0.496,2022-08-01,0,177,Картофель
20038,0.159,2022-10-05,0,177,Картофель
20101,0.069,2022-04-03,0,178,Картофель
20102,0.096,2022-05-08,0,178,Картофель
20103,0.431,2022-06-07,0,178,Картофель
20104,0.481,2022-07-02,0,178,Картофель
20105,0.375,2022-08-01,0,178,Картофель
20106,0.401,2022-10-05,0,178,Картофель
20169,0.051000000000000004,2022-04-03,0,179,Картофель
20170,0.08700000000000001,2022-05-08,0,179,Картофель
20171,0.164,2022-06-07,0,179,Картофель
20172,0.337,2022-07-02,0,179,Картофель
20173,0.318,2022-08-01,0,179,Картофель
20174,0.11,2022-10-05,0,179,Картофель
20238,0.125,2022-04-03,4,182,Пшеница
20239,0.316,2022-05-08,4,182,Пшеница
20240,0.226,2022-06-07,4,182,Пшеница
20241,0.167,2022-07-02,4,182,Пшеница
20242,0.117,2022-08-01,4,182,Пшеница
20243,0.124,2022-10-05,4,182,Пшеница
20310,0.074,2022-04-03,3,186,Кукуруза
20311,0.12,2022-05-08,3,186,Кукуруза
20312,0.121,2022-06-07,3,186,Кукуруза
20313,0.306,2022-07-02,3,186,Кукуруза
20314,0.401,2022-08-01,3,186,Кукуруза
20315,0.059000000000000004,2022-10-05,3,186,Кукуруза
20382,0.07100000000000001,2022-04-03,3,183,Кукуруза
20383,0.078,2022-05-08,3,183,Кукуруза
20384,0.167,2022-06-07,3,183,Кукуруза
20385,0.356,2022-07-02,3,183,Кукуруза
20386,0.385,2022-08-01,3,183,Кукуруза
20387,0.067,2022-10-05,3,183,Кукуруза
20454,0.146,2022-04-03,4,184,Пшеница
20455,0.41100000000000003,2022-05-08,4,184,Пшеница
20456,0.211,2022-06-07,4,184,Пшеница
20457,0.181,2022-07-02,4,184,Пшеница
20458,0.14,2022-08-01,4,184,Пшеница
20459,0.083,2022-10-05,4,184,Пшеница
20526,0.093,2022-04-03,2,189,Ячмень
20527,0.439,2022-05-08,2,189,Ячмень
20528,0.331,2022-06-07,2,189,Ячмень
20529,0.157,2022-07-02,2,189,Ячмень
20530,0.128,2022-08-01,2,189,Ячмень
20531,0.064,2022-10-05,2,189,Ячмень
20598,0.125,2022-04-03,6,185,Люцерна
20599,0.459,2022-05-08,6,185,Люцерна
20600,0.213,2022-06-07,6,185,Люцерна
20601,0.481,2022-07-02,6,185,Люцерна
20602,0.359,2022-08-01,6,185,Люцерна
20603,0.312,2022-10-05,6,185,Люцерна
20670,0.152,2022-04-03,4,188,Пшеница
20671,0.40800000000000003,2022-05-08,4,188,Пшеница
20672,0.281,2022-06-07,4,188,Пшеница
20673,0.19,2022-07-02,4,188,Пшеница
20674,0.135,2022-08-01,4,188,Пшеница
20675,0.10400000000000001,2022-10-05,4,188,Пшеница
20742,0.064,2022-04-03,3,187,Кукуруза
20743,0.107,2022-05-08,3,187,Кукуруза
20744,0.152,2022-06-07,3,187,Кукуруза
20745,0.31,2022-07-02,3,187,Кукуруза
20746,0.309,2022-08-01,3,187,Кукуруза
20747,0.112,2022-10-05,3,187,Кукуруза
20862,0.101,2022-04-03,4,215,Пшеница
20863,0.24,2022-05-08,4,215,Пшеница
20864,0.123,2022-06-07,4,215,Пшеница
20865,0.057,2022-07-02,4,215,Пшеница
20866,0.035,2022-08-01,4,215,Пшеница
20867,0.034,2022-10-05,4,215,Пшеница
20934,0.269,2022-04-03,4,208,Пшеница
20935,0.451,2022-05-08,4,208,Пшеница
20936,0.277,2022-06-07,4,208,Пшеница
20937,0.117,2022-07-02,4,208,Пшеница
20938,0.081,2022-08-01,4,208,Пшеница
20939,0.28700000000000003,2022-10-05,4,208,Пшеница
21006,0.052000000000000005,2022-04-03,2,241,Ячмень
21007,0.359,2022-05-08,2,241,Ячмень
21008,0.381,2022-06-07,2,241,Ячмень
21009,0.252,2022-07-02,2,241,Ячмень
21010,0.138,2022-08-01,2,241,Ячмень
21011,0.115,2022-10-05,2,241,Ячмень
21078,0.14,2022-04-03,4,236,Пшеница
21079,0.171,2022-05-08,4,236,Пшеница
21080,0.038,2022-06-07,4,236,Пшеница
21081,0.035,2022-07-02,4,236,Пшеница
21082,0.037,2022-08-01,4,236,Пшеница
21083,0.037,2022-10-05,4,236,Пшеница
21150,0.032,2022-04-03,3,238,Кукуруза
21151,0.043000000000000003,2022-05-08,3,238,Кукуруза
21152,0.123,2022-06-07,3,238,Кукуруза
21153,0.229,2022-07-02,3,238,Кукуруза
21154,0.24,2022-08-01,3,238,Кукуруза
21155,0.053,2022-10-05,3,238,Кукуруза
21222,0.044,2022-04-03,5,234,Свекла
21223,0.08,2022-05-08,5,234,Свекла
21224,0.23500000000000001,2022-06-07,5,234,Свекла
21225,0.335,2022-07-02,5,234,Свекла
21226,0.324,2022-08-01,5,234,Свекла
21227,0.159,2022-10-05,5,234,Свекла
21294,0.055,2022-04-03,5,235,Свекла
21295,0.083,2022-05-08,5,235,Свекла
21296,0.162,2022-06-07,5,235,Свекла
21297,0.275,2022-07-02,5,235,Свекла
21298,0.343,2022-08-01,5,235,Свекла
21299,0.23500000000000001,2022-10-05,5,235,Свекла
21366,0.267,2022-04-03,6,233,Люцерна
21367,0.46900000000000003,2022-05-08,6,233,Люцерна
21368,0.224,2022-06-07,6,233,Люцерна
21369,0.342,2022-07-02,6,233,Люцерна
21370,0.23900000000000002,2022-08-01,6,233,Люцерна
21371,0.211,2022-10-05,6,233,Люцерна
21438,0.037,2022-04-03,5,231,Свекла
21439,0.112,2022-05-08,5,231,Свекла
21440,0.203,2022-06-07,5,231,Свекла
21441,0.319,2022-07-02,5,231,Свекла
21442,0.396,2022-08-01,5,231,Свекла
21443,0.309,2022-10-05,5,231,Свекла
21510,0.026000000000000002,2022-04-03,5,230,Свекла
21511,0.068,2022-05-08,5,230,Свекла
21512,0.14300000000000002,2022-06-07,5,230,Свекла
21513,0.20500000000000002,2022-07-02,5,230,Свекла
21514,0.289,2022-08-01,5,230,Свекла
21515,0.232,2022-10-05,5,230,Свекла
21582,0.032,2022-04-03,3,229,Кукуруза
21583,0.036000000000000004,2022-05-08,3,229,Кукуруза
21584,0.057,2022-06-07,3,229,Кукуруза
21585,0.134,2022-07-02,3,229,Кукуруза
21586,0.202,2022-08-01,3,229,Кукуруза
21587,0.039,2022-10-05,3,229,Кукуруза
21654,0.052000000000000005,2022-04-03,0,219,Картофель
21655,0.077,2022-05-08,0,219,Картофель
21656,0.448,2022-06-07,0,219,Картофель
21657,0.421,2022-07-02,0,219,Картофель
21658,0.14,2022-08-01,0,219,Картофель
21659,0.054,2022-10-05,0,219,Картофель
21726,0.054,2022-04-03,0,218,Картофель
21727,0.067,2022-05-08,0,218,Картофель
21728,0.42,2022-06-07,0,218,Картофель
21729,0.43,2022-07-02,0,218,Картофель
21730,0.247,2022-08-01,0,218,Картофель
21731,0.05,2022-10-05,0,218,Картофель
21797,0.052000000000000005,2022-04-03,0,213,Картофель
21798,0.23600000000000002,2022-05-08,0,213,Картофель
21799,0.53,2022-06-07,0,213,Картофель
21800,0.41100000000000003,2022-07-02,0,213,Картофель
21801,0.076,2022-08-01,0,213,Картофель
21802,0.063,2022-10-05,0,213,Картофель
21914,0.068,2022-04-03,6,207,Люцерна
21915,0.192,2022-05-08,6,207,Люцерна
21916,0.047,2022-06-07,6,207,Люцерна
21917,0.033,2022-07-02,6,207,Люцерна
21918,0.028,2022-08-01,6,207,Люцерна
21919,0.026000000000000002,2022-10-05,6,207,Люцерна
21986,0.057,2022-04-03,2,203,Ячмень
21987,0.23900000000000002,2022-05-08,2,203,Ячмень
21988,0.211,2022-06-07,2,203,Ячмень
21989,0.088,2022-07-02,2,203,Ячмень
21990,0.062,2022-08-01,2,203,Ячмень
21991,0.055,2022-10-05,2,203,Ячмень
22058,0.043000000000000003,2022-04-03,0,211,Картофель
22059,0.16,2022-05-08,0,211,Картофель
22060,0.454,2022-06-07,0,211,Картофель
22061,0.426,2022-07-02,0,211,Картофель
22062,0.27,2022-08-01,0,211,Картофель
22063,0.048,2022-10-05,0,211,Картофель
22130,0.342,2022-04-03,4,217,Пшеница
22131,0.529,2022-05-08,4,217,Пшеница
22132,0.439,2022-06-07,4,217,Пшеница
22133,0.156,2022-07-02,4,217,Пшеница
22134,0.062,2022-08-01,4,217,Пшеница
22135,0.07200000000000001,2022-10-05,4,217,Пшеница
22346,0.213,2022-04-03,6,225,Люцерна
22347,0.385,2022-05-08,6,225,Люцерна
22348,0.23700000000000002,2022-06-07,6,225,Люцерна
22349,0.373,2022-07-02,6,225,Люцерна
22350,0.212,2022-08-01,6,225,Люцерна
22351,0.212,2022-10-05,6,225,Люцерна
22418,0.28700000000000003,2022-04-03,6,223,Люцерна
22419,0.495,2022-05-08,6,223,Люцерна
22420,0.34500000000000003,2022-06-07,6,223,Люцерна
22421,0.468,2022-07-02,6,223,Люцерна
22422,0.298,2022-08-01,6,223,Люцерна
22423,0.296,2022-10-05,6,223,Люцерна
22490,0.161,2022-04-03,6,222,Люцерна
22491,0.338,2022-05-08,6,222,Люцерна
22492,0.123,2022-06-07,6,222,Люцерна
22493,0.241,2022-07-02,6,222,Люцерна
22494,0.21,2022-08-01,6,222,Люцерна
22495,0.139,2022-10-05,6,222,Люцерна
22562,0.011,2022-04-03,3,227,Кукуруза
22563,0.019,2022-05-08,3,227,Кукуруза
22564,0.04,2022-06-07,3,227,Кукуруза
22565,0.077,2022-07-02,3,227,Кукуруза
22566,0.076,2022-08-01,3,227,Кукуруза
22567,0.009000000000000001,2022-10-05,3,227,Кукуруза
22634,0.031,2022-04-03,3,237,Кукуруза
22635,0.053,2022-05-08,3,237,Кукуруза
22636,0.11800000000000001,2022-06-07,3,237,Кукуруза
22637,0.22,2022-07-02,3,237,Кукуруза
22638,0.226,2022-08-01,3,237,Кукуруза
22639,0.047,2022-10-05,3,237,Кукуруза
22706,0.073,2022-04-03,2,240,Ячмень
22707,0.133,2022-05-08,2,240,Ячмень
22708,0.294,2022-06-07,2,240,Ячмень
22709,0.393,2022-07-02,2,240,Ячмень
22710,0.273,2022-08-01,2,240,Ячмень
22711,0.11,2022-10-05,2,240,Ячмень
22778,0.029,2022-04-03,2,239,Ячмень
22779,0.198,2022-05-08,2,239,Ячмень
22780,0.228,2022-06-07,2,239,Ячмень
22781,0.123,2022-07-02,2,239,Ячмень
22782,0.078,2022-08-01,2,239,Ячмень
22783,0.064,2022-10-05,2,239,Ячмень
22850,0.062,2022-04-03,3,266,Кукуруза
22851,0.129,2022-05-08,3,266,Кукуруза
22852,0.249,2022-06-07,3,266,Кукуруза
22853,0.389,2022-07-02,3,266,Кукуруза
22854,0.28500000000000003,2022-08-01,3,266,Кукуруза
22855,0.145,2022-10-05,3,266,Кукуруза
22922,0.033,2022-04-03,3,267,Кукуруза
22923,0.192,2022-05-08,3,267,Кукуруза
22924,0.234,2022-06-07,3,267,Кукуруза
22925,0.157,2022-07-02,3,267,Кукуруза
22926,0.163,2022-08-01,3,267,Кукуруза
22927,0.133,2022-10-05,3,267,Кукуруза
